label,m,x,y,z
0,0.0495063,0.003269144,0.003215385,0.007685398
0,0.320504582,-0.001161191,0.023145643,-0.026657388
0,0.36410714,-0.01977749,0.042478304,0.010504719
0,0.503211609,0.004269104,0.007225125,0.029577097
0,0.413903212,-0.03385574,-0.00295677,0.014236342
0,0.141996822,-0.007327861,0.014018525,0.020520802
0,0.031427899,0.000521053,-0.001522765,0.005000188
0,0.040224616,-9.63E-05,0.000814614,0.004826639
0,0.052238106,0.001072112,0.003611845,0.004539064
0,0.259213694,0.032399039,0.057484064,-0.047278175
0,0.340825246,0.031944799,0.05286518,-0.040957893
0,0.264548898,-0.023274227,0.036877277,-0.001545823
0,0.007916999,-3.82E-05,3.99E-05,0.00779762
0,0.007264941,-3.47E-05,1.69E-05,0.00719131
0,0.007356623,-3.93E-05,3.97E-05,0.007261842
0,0.007353625,-3.23E-05,3.50E-05,0.007298496
0,0.007346971,-4.34E-05,4.39E-05,0.007294969
0,0.007207958,-4.76E-05,3.02E-05,0.007151264
0,0.029447992,0.001037957,0.002387571,0.005040443
0,0.007185246,8.12E-05,0.0001507,0.007097577
0,0.006685381,5.77E-05,0.000101609,0.006576499
0,0.006732844,5.50E-05,9.50E-05,0.006683901
0,0.006639099,7.27E-05,0.000111195,0.006569486
0,0.00668154,5.93E-05,0.000112492,0.00664437
0,0.006616277,4.98E-05,0.000104512,0.00658028
0,0.00675156,6.10E-05,0.000116127,0.00671433
0,0.006712538,5.10E-05,0.000106348,0.006657611
0,0.006372212,5.29E-05,9.47E-05,0.006289474
0,0.024902992,0.00066565,0.001795006,0.005954827
0,0.007031549,0.000141884,0.000134865,0.006288323
0,0.006519473,0.000127804,-5.74E-06,0.006114351
0,0.006165706,0.000132909,4.95E-06,0.006128043
0,0.006227544,0.000120013,-1.28E-05,0.006190683
0,0.006247187,0.000126447,9.92E-06,0.006190015
1,0.006677792,0.000139942,2.35E-05,0.006245331
1,0.006399559,0.000121517,5.85E-07,0.006362398
1,0.006433631,0.000133779,-6.62E-06,0.006395595
1,0.006629739,0.000121893,4.28E-06,0.006589513
1,0.006551732,0.000122749,4.78E-06,0.006509004
1,0.039832692,-1.40E-05,0.00147534,0.002731327
1,0.010639838,0.000747337,0.00042112,0.004033591
1,0.004454487,-1.45E-05,-1.27E-05,0.004401733
1,0.005053089,-6.64E-06,5.66E-06,0.005005055
1,0.004897498,-2.18E-05,2.23E-05,0.004841634
1,0.00656664,1.35E-05,7.20E-05,0.006326013
1,0.006556947,-1.53E-05,2.51E-05,0.006522171
1,0.006582874,4.87E-06,2.82E-05,0.006545791
1,0.032574197,0.004935993,0.004038458,0.005955316
1,0.093331903,0.000959023,0.00269175,-0.012243818
1,0.376479097,0.001628389,0.025839189,-0.056042386
1,0.202624826,0.007134739,0.001710585,0.011952714
1,0.217708805,-0.00759672,0.008065741,-0.00689154
1,0.532421637,-0.020252381,0.030842794,-0.034837469
1,0.509975584,-0.085502778,0.046443233,-0.124070906
1,0.49492404,-0.052517815,0.032395238,-0.063208855
1,0.493973924,0.046250271,0.031111712,-0.026325344
1,0.61146462,-0.090226071,0.128707896,0.029306225
1,0.922780933,-0.376339871,0.160867711,0.031919173
1,0.220617065,-0.027982373,-0.002001149,0.022380911
1,0.1635379,0.001356224,-0.008947891,-0.00825401
1,0.112399207,0.004406033,-0.001855428,0.002935324
1,0.076963577,-0.001235067,-0.003019779,0.002902903
1,0.060297892,0.00365985,-0.006588594,0.003067809
1,0.029777692,0.001846344,-0.002220753,0.002815914
1,0.036091294,0.001975334,-0.003563492,0.003390288
1,0.043163996,-0.000628148,-0.002280727,0.004870578
1,0.066996933,0.001419616,-0.001625319,0.003860435
1,0.06112286,0.000679173,-0.002726363,0.004036704
1,0.059255848,-0.000149843,-0.002469208,0.001975538
1,0.074815711,0.001289434,0.004332157,0.002519023
1,0.094358528,0.005041435,0.00359908,0.005575905
1,0.029230034,0.000108669,0.001760205,0.002510779
1,0.030007899,0.000348191,0.001211566,0.001757671
1,0.034241415,0.000507667,0.001956424,0.001596198
1,0.042093366,-0.000643099,0.001840363,0.001904239
1,0.056882547,0.001226494,0.001017718,0.001596866
1,0.066581587,0.00252303,0.003143553,0.001814859
1,0.171093619,-0.008685565,0.005912931,-0.009634113
1,0.118534667,-8.46E-05,-6.56E-05,-0.009043347
1,0.123272158,-0.004772703,0.006938116,-0.000215581
1,0.242750595,-0.045994317,0.036526619,-0.000989678
1,0.404392907,-0.031397827,0.051386735,0.056402256
1,0.50203953,0.172727339,0.012707686,0.108754804
1,0.154697785,0.028103363,0.002286923,0.018114623
1,0.032493578,-0.000719624,-0.000731712,-0.000876284
1,0.071144509,-0.003912743,0.000515835,-0.000445352
1,0.034521462,-0.000133507,0.001717276,0.003886004
1,0.019199674,0.00068991,0.00075939,0.003692396
1,0.028228617,-0.001217043,0.00017452,0.003885944
1,0.331402335,-0.023388432,0.027661412,-0.021196346
1,0.164268751,-0.024910675,0.005841258,-0.005471548
1,0.096781703,0.001352058,0.004414581,0.002270879
1,0.070036973,-0.002634468,0.000562356,-0.000651452
1,0.066376224,-0.001422043,0.001783702,0.00146613
1,0.068066725,0.000350971,0.001458488,0.000947651
1,0.082889978,-6.63E-05,0.003016252,0.002790579
1,0.335489013,-0.029623397,0.059349792,0.017398293
0,0.08688005,-0.001026617,0.003402066,0.000421842
0,0.029135653,0.00052335,0.001707038,0.001898204
0,0.008130318,-2.14E-05,-1.82E-05,0.004229246
0,0.010693663,8.54E-05,-0.000205222,0.005387424
0,0.010832278,-6.32E-05,-9.30E-05,0.004386842
0,0.009454743,-7.87E-05,-3.61E-05,0.005684464
0,0.006448087,4.18E-07,-5.77E-05,0.005205096
0,0.035433601,0.000874049,0.001408232,0.003972984
0,0.039282723,0.002339912,0.002184733,0.004138053
0,0.007868037,6.20E-05,-0.000107458,0.004934134
0,0.007131455,4.81E-05,-8.49E-05,0.005019224
0,0.063821915,0.001923042,0.004924775,0.002818132
0,0.032380216,0.001099144,0.002005807,0.003879047
0,0.006805347,2.32E-05,2.93E-05,0.00474505
0,0.006901133,7.74E-05,-3.63E-05,0.004941968
0,0.00789342,8.84E-05,6.60E-05,0.005632171
0,0.008744793,4.82E-05,2.48E-05,0.005872551
0,0.009271224,4.45E-05,4.89E-06,0.005857519
0,0.055793485,0.00213545,0.004479653,0.004156445
0,0.061144036,0.002960171,0.004645948,0.00148419
0,0.024948428,0.000640769,0.000780263,0.003472452
0,0.01011139,1.08E-05,-5.42E-05,0.003444089
0,0.01312478,0.000299582,0.000378734,0.004405118
0,0.013726273,4.46E-05,0.000287135,0.004401441
0,0.029867259,0.000683232,0.000701879,0.004108937
0,0.037994895,0.002944256,0.0020816,0.003890852
0,0.024437886,0.000511155,0.001505264,0.003650616
0,0.268185155,-0.024011552,0.027840025,0.000501964
0,0.374131468,-0.094046261,0.042455242,-0.024367147
0,0.255491489,0.019721245,0.021276102,-0.01320633
0,0.111642257,0.00883325,0.006407226,0.001828759
0,0.170030387,-0.003510132,0.003810758,0.008506351
0,0.17280274,0.005536419,0.014368324,-0.000363372
0,0.2977411,-0.035792774,0.019702924,0.013842189
0,0.928631868,-0.282039236,0.072295323,0.154665755
0,0.136021802,-0.032819591,-0.026422515,0.014177423
0,0.007866898,-0.00014718,-0.000146679,0.007804762
0,0.007751405,-0.000117777,-0.000137665,0.007716085
0,0.030236495,-0.000265894,0.002399666,0.006820363
0,0.015749011,0.001674838,0.000954604,0.005997682
0,0.007273062,0.001680217,-0.000281972,0.007036056
0,0.0074064,0.001728995,-0.000285628,0.007159724
0,0.007679827,0.001775183,-0.000320347,0.007371235
0,0.00735461,0.00172722,-0.000269083,0.007109045
0,0.032268491,0.000451399,0.002250898,0.005805616
0,0.027627045,0.0005327,0.003456206,0.005572754
0,0.00513196,0.000146,0.000129329,0.005067266
0,0.005063119,0.000126614,0.000122457,0.005012868
0,0.005198065,0.000120618,0.000126259,0.005147044
0,0.00530081,0.000134642,0.00011896,0.00525473
0,0.005638208,0.000134134,0.000134427,0.005590203
0,0.00551582,0.000133855,0.000114787,0.005472556
0,0.011974016,0.000689764,0.000682306,0.005488155
0,0.047808661,-0.000342932,0.004116914,0.005554249
0,0.042554611,0.00168247,0.003926452,0.005207313
0,0.076766834,-0.003871611,0.007772237,0.004021141
0,0.136583477,-0.018509549,0.016895696,0.00467033
0,0.772676262,-0.26561807,0.033906998,-0.018197138
0,0.342145198,-0.055663245,0.043344934,-0.050102111
0,0.158181824,0.010814539,0.001578797,-0.008065845
0,0.070019615,0.001311257,-0.000830138,-0.001892753
0,0.02956124,-0.000692083,-0.001100439,0.000738417
0,0.034508463,-0.001091165,-0.000688555,0.000922515
0,0.094591676,0.006921215,-0.00082464,-0.003314324
0,0.083464616,0.001986842,0.002887698,0.00776934
0,0.246461563,0.016508899,0.013174159,-0.016084312
0,0.129631542,0.001893964,0.00387076,0.001853571
0,0.11311364,-0.00289578,0.003138208,0.000201817
0,0.058995704,-0.000589248,-0.001078685,0.000849207
0,0.087964826,-5.40E-05,0.000715688,-0.002608565
0,0.071334509,0.002728363,-0.000889912,-0.000529177
0,0.150244837,0.000440414,0.004960756,-0.007370489
0,0.076025744,0.005573324,-0.000527951,-0.003213725
0,0.112130825,-0.000652361,0.003424245,0.00021631
1,0.123082147,0.003770328,0.008661161,-0.000528043
1,0.048093224,-0.001487991,0.000877214,-0.000265769
1,0.11054919,-0.00081197,0.007652684,0.001354481
1,0.103679359,-0.002729455,-0.003399373,0.004180217
1,0.102846963,-0.001891956,0.006056644,-0.000649436
1,0.257685463,-0.061981165,0.034006327,0.011639716
1,0.127418001,-0.003061312,0.007842866,-0.001001191
1,0.179353857,-0.016383702,0.012911011,-0.004425407
1,0.058278679,0.000979315,0.002376891,0.002003656
1,0.110964602,-0.005180802,0.007709714,-2.17E-05
1,0.112875168,0.001572082,0.002765358,0.001819315
1,0.169568045,0.00550963,0.012329121,0.000177627
1,0.136157569,-0.005928473,0.009453917,0.000267245
1,0.153010026,-0.013453248,0.011505076,-0.010770274
1,0.200333057,-0.0104723,0.010549906,0.00589156
1,0.139771756,-0.001527396,0.003525517,0.01034527
1,0.149800506,-0.015038688,0.020766493,0.009636244
1,0.256939671,0.020330846,0.011292038,0.014861317
1,0.262284165,-0.011217105,0.008698872,-0.008719069
1,0.254626922,0.002083754,0.022195698,-0.010584966
1,0.100961359,-0.006647796,0.004704199,0.000308105
1,0.097764822,-0.001890288,0.005149875,0.004939808
1,0.146197157,-0.020042398,0.010861278,0.010367168
1,0.09946832,0.00185845,-0.004936244,0.009513975
1,0.009352414,0.000218058,-0.001280752,0.00029048
1,0.052049724,0.001652277,0.002391479,0.003074624
1,0.046338414,0.00064486,0.002932888,0.002551045
1,0.069012139,-0.00035306,0.00368968,0.002928285
1,0.487433336,-0.136209251,0.037041233,-0.086215705
1,0.501517961,-0.078476931,0.123666326,-0.066334238
1,0.1564338,-0.000626754,-0.001032916,-0.000701587
1,0.09053668,-0.005151849,0.004276938,0.012811239
1,0.046628407,0.001184962,0.004622201,0.003502485
1,0.068232844,0.000378776,0.002872175,0.001361019
1,0.286807656,-0.035243108,0.022141458,0.018169946
1,0.173307499,-0.001333215,0.011429517,-0.004753269
1,0.040139199,0.002165226,0.000867607,0.003649185
1,0.053392171,0.000327554,-0.000173344,0.005439962
1,0.037363831,0.001164835,0.001067196,0.000267154
1,0.02869856,0.000639896,-0.000477745,0.00283595
1,0.070122012,-2.16E-05,0.001501421,0.00017056
1,0.064383144,0.004837665,0.002303844,0.002955358
1,0.046890315,0.003050282,0.0007108,0.000153499
1,0.093215159,-0.002761709,-0.000623,0.001552726
1,0.447560133,-0.099468079,0.066483653,0.026758142
1,0.235646718,0.014849265,0.037669416,-0.027844711
1,0.135531601,0.006172139,0.004326838,0.00901391
1,0.048445946,-0.000304908,-0.000892147,4.33E-05
1,0.219794665,0.031974259,0.000548727,0.014048664
1,0.384931878,-0.023579611,0.024075977,0.02532066
1,0.07800366,0.004608124,-0.0009901,-0.003379887
1,0.088155097,0.004882853,-0.000317607,-0.000251587
1,0.098606587,0.005446575,-0.00034411,-0.003180952
1,0.039417351,4.34E-05,-0.000753132,0.000610042
1,0.068740066,0.003703926,0.003645029,0.002678592
1,0.036439277,0.001469814,-0.001908628,0.001255484
1,0.049918383,0.001340873,-0.001594925,0.003291395
1,0.096310685,0.000712618,0.002873261,0.004751577
1,0.133199508,0.003507204,0.006593443,0.006163876
1,0.114311027,-0.005551566,0.01015449,0.011206683
1,0.048193225,-0.003299206,-0.003019845,0.003997556
1,0.055996853,-0.000988367,0.004475585,0.00472193
1,0.101703235,-0.003717063,0.012509942,0.006459378
1,0.088355786,-0.005344277,0.007172201,0.014933647
1,0.091446348,-0.00358066,0.00618515,0.00994104
1,0.084257348,-0.00306902,0.007965511,0.007640756
1,0.079488505,0.007112824,0.006490643,-0.00061251
1,0.155937372,0.019824546,0.008837811,-0.01343896
1,0.102027282,-0.007004803,0.012999165,0.016469367
1,0.035987099,0.000108064,0.003352789,0.00274203
1,0.078057686,-0.000264354,0.002381279,-0.002727183
1,0.121012072,-0.00031753,0.003046239,0.000977392
1,0.123415715,-0.002634496,0.00378791,0.004859866
1,0.110580734,0.007535485,0.00359482,4.16E-05
1,0.138315219,-0.004167078,0.009794318,0.006501337
1,0.061400594,-0.000285192,0.002808459,0.003986884
1,0.09042569,-0.001027527,0.003090789,0.003758668
1,0.130488445,-0.003679244,0.006758676,0.002413782
1,0.010991324,-0.000315121,0.000214265,0.01089198
1,0.010335254,-0.000299248,0.000192313,0.010246376
1,0.010025346,-0.000299123,0.000179904,0.009982682
1,0.009752947,-0.000282557,0.000179737,0.009706371
1,0.029632851,-0.000630263,0.001082832,0.009776901
1,0.109915832,-0.007463986,0.011430311,-0.00064905
1,0.099493298,-0.002010967,0.003962524,0.000202047
1,0.065516734,0.002368978,-0.001961437,0.011636035
1,0.018007972,-1.10E-05,0.001401337,0.009210842
1,0.047559939,0.000791794,0.005005011,0.008483671
1,0.20677758,-0.005928395,0.013835625,0.005451588
1,0.787181501,-0.137604908,0.13734816,0.03170092
0,0.069286374,-0.008992614,0.024282549,0.00966158
0,0.018343605,1.58E-05,-0.000221333,0.018095779
0,0.051404704,0.000347993,0.002438991,0.014919767
0,0.077610854,0.003255112,0.009783947,0.011260302
0,0.134090687,-0.00574682,0.006377303,0.024295117
0,0.057732381,-0.000501063,0.008802226,0.013129921
1,0.181397415,-0.005442459,0.005212377,0.002793689
1,0.07754839,0.00067384,0.001369745,0.004480965
1,0.058107816,0.001558133,-0.00086778,0.00129075
1,0.065492447,0.003442123,-0.001485123,0.001067175
1,0.047543477,0.003634051,-0.002278274,0.001525026
1,0.08690852,0.002037581,-0.000599478,0.006025924
1,0.067413358,0.002563701,4.99E-05,0.001756579
1,0.128052757,0.004397011,0.001337908,0.011711008
1,0.124036792,0.003573219,-0.00520681,0.007462106
1,0.154217856,0.009437735,-0.000836377,-0.003052257
1,0.144944034,0.00815094,0.003495884,-0.001767468
1,0.23838122,0.009453509,-0.01637383,0.01946462
1,0.224566519,0.012190244,-0.009177815,0.014311594
1,0.100186851,-0.000913205,5.40E-05,0.005605976
1,0.107796636,0.001017447,-0.001043711,0.011463268
1,0.198066617,0.006586442,-0.003807667,0.0090047
1,0.187070449,0.00382736,0.003075501,0.000542314
1,0.301570625,0.023172545,0.003701609,0.015680297
1,0.11263492,0.004753134,-0.001920059,0.009440054
1,0.106603321,-0.001844567,-0.001705391,-0.000576181
1,0.113500054,-0.007355265,-0.007045905,0.001625303
1,0.011976112,-0.002291437,0.000120948,0.000665852
1,0.054725239,-0.003216587,-0.005135596,0.002338417
1,0.067265841,-0.005947179,-0.001612913,0.000376619
1,0.152749198,-0.00955705,-0.004837121,0.01574249
1,0.028614963,-0.004568596,-0.001637129,0.012509695
1,0.044911311,-0.004219545,0.000621633,0.014328795
0,0.040576266,0.000430658,0.00288186,0.013953605
0,0.051118919,-0.003027071,0.00623387,0.009932782
0,0.038198654,-0.001595194,0.005549269,0.013853176
0,0.018170767,-0.002135561,0.003308018,0.016192754
0,0.019181345,-0.002141216,0.003226718,0.016108941
0,0.022715863,-0.002087129,0.003350104,0.016132386
0,0.022158995,-0.002334092,0.003436787,0.016125214
0,0.119782063,0.00673123,-0.00370633,0.011140338
0,0.135109394,0.004222907,-0.00273341,0.008974546
0,0.422697045,0.017211429,0.002278646,-0.005213414
0,0.285443498,0.028158617,-0.005764445,0.020011281
0,0.191300259,0.016952225,-0.003369856,0.013995467
0,0.110759667,0.005602653,0.002376562,0.0046061
0,0.048177569,-0.001606703,0.001770871,0.002347359
0,0.139245051,-0.003889283,-0.003270838,-0.00241761
0,0.113109444,-0.004579231,0.000100606,0.002849018
0,0.170697058,-0.00187019,-0.006395049,0.000109004
0,0.063940313,-0.004378086,-0.001011657,0.001469877
0,0.068558249,-0.005073726,-0.001100272,0.004273726
0,0.122740769,0.005673595,0.00767182,0.007088448
0,0.092606353,0.009822794,0.001878273,0.007248473
0,0.093174651,0.001649478,0.000555433,0.001265253
0,0.163677739,-0.00735916,-0.006622373,0.014806935
0,0.112152804,-0.002955451,0.001759962,0.007851754
0,0.108680275,0.002407355,-0.004838048,0.004424488
0,0.081930982,0.005731502,-0.00350282,0.00396267
0,0.235666471,-0.011389072,0.006773527,0.014375136
0,0.129002312,-0.003240175,-0.003494508,0.006541178
0,0.0820065,0.001387087,-0.002721249,-0.000771396
0,0.080592614,-0.000172085,-0.000935938,-0.001923339
0,0.085155339,0.00033263,-0.00553921,-0.000436683
0,0.105752069,-0.002180255,-0.003399645,0.000908149
0,0.102880992,-0.001061725,-0.006128816,-0.002645062
0,0.109809106,-0.003337693,-0.007472106,0.000117844
0,0.106074835,0.000343806,0.008598245,0.007039106
0,0.098267132,-0.002689636,-0.003040827,0.00412967
0,0.129653185,-0.00431776,-0.010991099,-0.002847075
0,0.102694703,-0.001410629,-0.008959386,0.007007058
0,0.081174092,0.000411325,-0.006027915,-0.00159766
0,0.222380163,-0.007095843,-0.01389342,0.006250491
0,0.401345197,-0.02761142,-0.01439733,-0.001944091
0,0.014010439,-0.005979477,0.00161969,0.003761
0,0.019691739,-0.00879018,0.001179837,0.008917572
0,0.014774762,-0.009030179,0.001452685,0.01070665
0,0.128973617,0.005513189,-0.008438091,-0.003462303
0,0.111260483,0.005393796,-0.005040171,0.005788218
0,0.148626956,0.007520887,-0.006294296,0.000923026
0,0.192342124,0.000401452,-0.005607235,-0.000438659
0,0.123466442,0.002183598,-0.000592415,-0.0006201
0,0.157432629,0.013663835,-0.000728996,0.011141147
0,0.163612342,0.00457687,0.000577288,0.013012098
0,0.071460246,0.00040794,-0.000332888,5.58E-05
0,0.10836087,0.00377827,0.001936356,0.003206415
0,0.132278299,-0.005078437,0.015184998,-0.000480443
0,0.109879353,-0.002778049,0.002537302,0.006286195
0,0.135879152,-0.005832825,-0.014608817,0.009345612
0,0.123244935,-0.000337285,0.002877087,-0.003693491
0,1.045021725,-0.78676383,0.416853901,0.335255319
0,0.427172374,-0.022229873,-0.172641869,0.048403806
0,0.165099202,0.011356277,0.032291289,0.002545122
0,0.128547917,-0.000288573,0.000352058,0.006328348
1,0.042576079,0.001389555,0.000348861,0.001341174
1,0.121615194,0.00642229,0.002501191,0.009296699
1,0.113226056,0.001273145,0.001911536,0.011244953
1,0.122070393,-0.002023856,-0.011009985,0.005003739
1,0.145478879,0.004924838,0.007573491,0.0147291
1,0.098790316,0.004924593,4.92E-05,0.005988759
1,0.113689377,0.011361097,-0.005645663,0.006013776
0,0.144149305,0.00174987,0.007766611,0.134146561
0,1.308517193,0.058837385,0.126360495,-0.020969571
0,5.785149398,-1.709707259,-2.003482099,-0.481090312
0,4.288744766,0.198856753,-0.300688469,-0.322073712
0,5.815333847,1.533725914,-1.132503658,-0.861784819
0,7.034226208,0.896875328,-0.492456203,0.506611984
0,1.766117348,-0.069943655,-0.099260694,0.113054845
0,0.390254947,-0.000287653,0.036036915,0.104785112
0,0.136954278,0.005516021,0.005550471,0.125128747
0,0.143582175,-0.001631092,-0.010779342,0.130176914
0,0.140674316,-0.000454303,0.002706998,0.135279413
0,0.146230721,0.003117177,0.003823099,0.140875611
0,0.15352142,-0.002497246,-0.003927188,0.142181005
0,0.14813859,-0.004138143,-0.011938397,0.140011541
0,0.150815748,0.002480198,-0.005294618,0.141548787
0,0.151265531,0.006532246,-0.009969886,0.144794263
0,0.15390124,0.01143242,8.25E-05,0.145057008
0,0.149929943,0.01105883,0.004590353,0.143933456
0,0.149520347,0.011021511,0.005091609,0.143388632
0,0.151857557,0.012429766,0.004030542,0.145807237
0,0.154853047,0.016362657,0.003911613,0.148236778
0,0.154609018,0.010919218,0.001846384,0.148553587
0,0.159050852,-0.001147651,-0.001008253,0.147412069
0,0.152651445,-0.008534482,-0.002845007,0.146796296
0,0.153324587,-0.00514513,-0.002991482,0.147922174
0,0.155524017,-0.002583943,-0.004214888,0.150253057
0,0.154461894,-0.00291095,-0.003902812,0.149240726
0,0.1556457,-0.000640049,-0.002280096,0.150656784
0,0.15778316,-0.001717386,-0.00342524,0.152938455
0,0.158906546,0.00153418,-0.001468284,0.154211595
0,0.157765116,0.001860989,-0.00291487,0.153183865
0,0.158296615,0.003427966,-0.004178305,0.153361706
0,0.212816146,0.006889214,0.030150026,0.109637196
0,0.249507081,-0.003849694,0.035170621,0.06499042
0,0.145093964,0.017547213,-0.015102027,0.135404222
0,0.150790934,0.01906379,-0.015107464,0.140861165
0,0.237283677,0.072874855,-0.106116367,0.144200264
0,0.2173162,0.027939274,-0.052184889,0.129528099
0,0.145254037,0.017020121,0.004004484,0.127533312
0,0.145418909,0.026032708,0.002795732,0.132969326
0,0.154158697,0.031366571,0.002903352,0.140026029
0,0.163921437,0.042227752,0.002851369,0.144476643
0,0.390156229,0.071368253,0.232300796,0.149136747
0,2.879501927,0.592813135,-1.194547074,0.631899374
0,0.62467137,0.253880494,-0.057222563,0.06333225
0,0.318084209,0.011481905,0.019501245,-0.019693636
0,0.076643473,-0.01163032,0.012689978,-0.0002056
0,0.085582128,0.009873626,0.010204634,0.016826295
0,4.706798584,0.32535637,-0.057437589,0.903470752
0,3.692315558,0.017039646,-0.554581261,0.201890339
0,2.951956321,0.141715265,0.035867499,-0.0496335
0,3.033198411,0.165803778,0.076410008,-0.055525886
0,8.785050502,0.59370984,-0.386294923,-4.678475813
0,1.62202189,0.255197528,0.21490835,-0.031819309
0,0.375232189,0.002199101,-0.024417142,-1.07E-05
0,2.660371254,0.151416806,-0.113187499,0.012205213
0,2.032401607,-0.160485185,0.425308477,-0.189754825
0,2.469392365,0.016853754,0.500823469,0.351102444
0,1.155363203,-0.266929833,0.348546282,-0.338430454
0,1.008170648,0.133847875,0.253177707,0.050645508
0,0.957244313,0.239247098,0.190695512,-0.09324926
0,1.008092971,0.207019932,0.276691998,-0.014058608
0,2.491562036,0.612715058,1.024417095,0.342353412
0,2.322702302,-0.67311189,0.847708938,-1.06225218
0,1.1862937,0.994639957,-0.304364673,0.281213057
0,1.147370832,0.217279089,0.335426241,-0.025068094
0,1.12467892,0.049250248,0.445646792,0.017909264
0,0.788125354,0.55529284,0.056236499,0.152829636
0,0.71624461,0.202090576,0.304599491,0.02329629
0,2.572956104,0.301335879,-0.007029975,-0.297756385
1,2.189989622,-0.3686686,0.639136025,0.790376488
1,1.476485833,0.061959213,0.268239237,-0.013426567
1,1.484784788,0.470538479,0.181508794,-0.152708886
1,1.051824051,-0.090581466,0.294166008,0.250199438
1,3.310297597,0.440024417,1.101895022,0.973895099
1,0.712805038,-0.010209263,0.262785741,0.094828381
1,0.772218006,0.03822645,-0.083437903,0.183312293
1,1.863563984,0.215290783,0.232212958,-0.156545706
1,1.828130123,-0.188198579,0.427128476,0.384831524
1,2.954790007,0.192362684,0.162165297,-1.072673605
1,6.087148003,-0.062690974,1.772076455,-0.095455289
1,3.692069159,-0.016048735,0.60078194,0.183228368
1,1.61022288,-0.149900052,0.183525947,0.21271589
1,0.53707381,-0.043903455,0.08624316,0.072379914
1,0.664950568,-0.225057939,0.053547748,0.171519772
1,2.463415681,-0.378381028,0.611471925,1.076105164
1,1.724328916,0.157930649,-0.370420243,0.100040929
1,0.618751154,-0.229222989,-0.088704816,0.251262542
1,0.938287815,-0.012046803,0.137243705,0.307795364
1,0.708683183,0.004032203,0.030331105,-0.063074641
1,3.272687268,0.006212859,1.117843968,0.560215292
1,2.164804128,0.825630993,0.372819373,0.781853138
1,0.26474879,-0.001433122,-0.03163568,-0.019744713
1,2.255690428,-0.003075634,0.453720666,0.415905873
1,0.524525544,0.15754663,-0.060585044,-0.12769305
1,1.200693101,0.180874733,-0.252970428,-0.308722027
1,2.323457894,0.070134705,-0.27098832,0.581786788
1,3.099420478,1.267997172,-0.635445034,0.702276205
1,0.766192654,0.125445909,0.276519416,-0.169026547
1,1.352447237,0.024460834,0.039214939,0.227702883
1,0.687400183,-0.066678649,0.007746514,0.053790177
1,0.794944498,0.072395387,0.022209318,0.002229729
1,6.638107438,-0.595522943,2.46548869,-0.629208337
1,0.492834277,-0.015717474,-0.094639894,0.057942525
1,0.4618,0.094621486,-0.058431841,0.019933851
1,0.422082785,-0.009723424,-0.009970954,-0.040845091
1,0.939745374,0.408042314,0.165683855,-0.03543577
1,0.483387156,0.164297565,-0.06045216,-0.016585353
1,0.33886785,0.042681106,0.022127478,1.08E-06
1,1.826949349,0.280008309,0.164411245,0.656058282
1,0.893275908,-0.116760261,0.072575516,0.028614084
1,1.103556029,-0.004034558,-0.042181575,-0.013118009
1,1.144960024,0.102121495,-0.03734179,0.070574408
1,0.965158591,0.050569327,-0.018882645,0.080430175
1,2.633109713,-1.385543366,0.629454957,-0.774998327
1,2.586225321,-0.199976264,0.262309936,-0.536795275
1,2.678169082,-0.011737423,1.269374383,0.197195022
1,1.309222822,0.002852282,0.338495821,0.067636507
1,1.391930771,-0.320392799,0.340410676,0.349453157
1,1.105463292,0.027924078,-0.129363025,0.05785748
1,0.433891775,0.013717781,0.017668724,0.007499381
1,0.830830782,0.005087321,-0.011613911,-0.020172655
1,0.526911837,0.016805706,0.001498499,-0.01683547
1,0.598732565,0.008015339,-0.04360301,-0.0166678
1,0.561227153,0.03332207,-0.010615032,-0.061175928
1,0.66379934,-0.023277166,0.395264046,0.071091545
1,0.428896924,-0.008634031,0.380934089,0.095110686
1,2.060889167,-0.008089136,0.256670697,0.14823042
1,2.90284448,0.076883764,0.021012253,0.038663747
1,5.287189709,-0.00946519,-0.187330313,0.450554429
1,1.968274226,-0.102395189,0.223193965,0.145897752
1,0.892910798,-0.062568427,0.200950443,0.080769398
1,0.327728429,0.001188686,0.096434568,0.014170007
1,0.113758851,0.053399951,0.0105551,-0.031517129
1,0.13377915,0.060058744,0.016072601,-0.028344681
1,0.173457845,0.011806046,-0.029824294,0.056877538
1,0.194563337,-0.017970141,-0.053928389,0.095996243
1,0.275433247,-0.065865884,-0.012009547,0.128107275
1,0.433240224,-0.307088764,0.185307876,0.189076577
1,0.467392327,-0.158642119,0.010437577,0.1375236
1,3.284110568,0.488895973,-0.425445901,0.198800637
1,4.983502767,-0.175064249,-0.051810753,0.307025608
1,6.149217821,0.205470857,-0.206057678,0.236465911
1,2.842178811,-0.094348424,0.180604507,0.184177617
1,5.061375882,-0.154980911,-0.078945874,0.096549324
1,6.073523302,-0.069376219,-0.278573132,0.290622937
1,6.358824095,-0.177111517,-0.249631966,0.373410076
0,0.807765116,-0.228143189,0.274320643,0.043934267
0,0.601070163,0.048128852,-0.014732077,0.006899648
0,0.65324488,-0.003153762,0.446648677,-0.085354501
0,0.806249178,0.040728276,0.128812633,-0.001575108
0,0.879470653,-0.035299727,0.422829925,-0.000365545
0,1.070434897,-0.03501961,-0.011047431,0.071741319
0,0.299268345,0.004111073,-0.038980967,-0.001947481
0,0.228374424,0.00968551,-0.004667129,-0.016638994
0,0.461015332,0.020597095,-0.009640937,-0.013836252
0,1.027782488,-0.037010644,0.188361682,-0.096336859
0,1.711219539,-0.022039313,0.363660522,0.027310582
0,5.314866555,0.034501107,-0.12354532,0.23405555
0,2.59863499,0.059132158,0.264591397,0.078809283
0,1.285622874,2.68E-05,0.375779269,-0.0745644
0,2.270136196,-0.014704831,0.258691827,0.109030493
0,1.030794342,-0.029456845,0.455414732,-0.0363678
0,2.044263615,0.094643429,0.289567398,0.202412136
0,0.336822209,-0.185688233,0.168929835,0.098985789
0,0.727415846,-0.107119807,0.239799437,0.105612602
0,1.970565052,0.097286045,0.332823363,0.075721656
0,0.658514961,0.010676235,-0.021488406,-0.020713203
0,0.713131353,0.049468477,-0.118029463,-0.006863674
0,1.020953621,0.044867437,-0.095050653,-0.086492932
0,0.28388866,0.002832488,-0.010872968,-0.012146359
0,0.54264325,-0.071029157,0.038267114,-0.0612211
0,0.53929555,-0.030273022,0.08071084,-0.047496643
0,0.73303778,-0.164452775,0.016967624,-0.150421557
0,0.558600355,0.142676658,-0.002369793,0.010954126
0,1.075848179,0.242407004,0.031825654,0.0460703
0,1.423795984,0.417478687,0.1577079,0.023703563
0,3.406483149,0.269633543,0.244770273,-0.383693053
0,1.632895859,0.400701853,0.312769721,-0.182047988
0,1.237991691,0.305966411,0.448987952,-0.278552642
0,3.659141646,0.525410767,0.07081984,-0.265003241
0,1.322531251,0.381118653,0.272928866,0.010377515
0,0.624728612,0.311637544,0.350196482,-0.004032306
0,0.784205415,0.307173875,0.410718835,-0.163680966
0,3.699262822,0.377167971,0.048081973,-0.477092802
0,4.070431976,0.33692507,-0.032808851,0.381422849
0,1.018067264,0.19664969,0.362917304,-0.141348089
1,0.618585634,0.056945304,0.460681945,-0.156161716
1,1.357769869,0.201208942,0.049790523,0.208455991
1,1.155791648,0.095239073,0.283805501,-0.50875199
1,1.122873934,-0.04575029,0.412033846,-0.765191601
1,2.256126391,0.712141953,0.814988057,-1.73992924
1,1.05870612,-0.24421499,0.060517972,-0.443642794
1,1.526445684,0.381438877,0.155783777,-0.310423904
1,1.968278858,0.733665278,0.633865955,-1.280761978
1,1.369214906,0.374986373,0.38124444,-1.033674335
1,1.287369093,0.256847254,0.467149607,-0.923045212
1,1.014376235,0.056634961,0.463781871,-0.613368736
1,1.654254533,0.127338972,0.429636877,-1.124355345
1,1.039356686,-0.030605468,0.531915581,-0.598380275
1,1.254560716,0.164316857,0.53778608,-0.799417386
1,1.843008468,0.032778811,0.433744678,-0.899572216
1,0.869246717,0.195535748,0.366046817,0.175482364
1,1.353848074,0.250186224,0.951461724,-0.528254226
1,1.451295973,-0.001316162,-0.001566863,0.044218815
1,0.641316435,0.022908675,0.007223837,-0.023174682
1,2.493852525,0.149538657,0.219201292,-0.029609017
1,0.684991834,-0.001223097,-0.042699097,0.083855912
1,2.164192214,0.196518466,0.948567974,0.226017018
1,0.822467776,-0.251307944,0.086876494,0.030144483
1,1.243633055,-0.159182935,0.034657229,0.23347433
1,0.840565615,-0.162952896,0.015566582,0.088989745
1,1.535187495,0.234433839,-0.052777868,0.459442142
1,0.904073023,-0.324458267,0.326338266,0.087385792
1,1.312939415,-0.126960115,0.54315992,0.3429189
1,1.004794445,0.026856292,0.017863345,0.25640225
1,0.869026939,-0.206515563,0.141286334,0.132810838
1,1.378283296,-0.08699396,0.322067973,0.257544302
1,0.451939263,0.116362515,0.330258583,0.046498459
1,1.179497581,0.029963871,-0.181651839,0.052104482
1,0.915665885,-0.0692605,0.111554121,-0.039006108
1,1.314179607,-0.112467408,0.333948186,0.077916014
1,1.127742495,-0.438484733,0.017218141,0.373526547
1,1.251112708,0.042475646,0.205288699,0.226051961
1,3.01054206,-0.189640602,0.791303216,0.886202437
1,0.967265694,-0.325784437,0.287076722,0.428833837
1,1.632860888,-0.098074351,0.30129935,0.309658098
1,2.960738746,0.190176135,0.461241686,0.275918709
1,0.883338959,-0.184217206,0.208751594,0.221550125
1,0.901744445,-0.163178182,0.125139271,0.061645351
1,0.436544807,-0.011936287,0.172524703,-0.139452256
1,0.62140464,-0.029895191,0.235807853,0.233145013
1,0.398533813,-0.00877065,0.219630141,0.198538432
1,2.003200975,0.11193022,0.090999195,0.044760473
1,1.343383082,-0.150979013,-0.796759413,0.354707097
1,0.695412753,-0.144925147,-0.129107915,0.567237227
1,0.637335702,-0.181163606,-0.229061888,0.480137372
1,0.742064931,-0.361477884,-0.483178676,0.3236192
1,0.744689084,-0.299086448,0.036465818,0.475603264
1,0.72155501,-0.270120305,-0.064112718,0.535246837
1,0.77394005,-0.461929902,-0.019713228,0.330425981
1,0.676586376,-0.238229622,-0.096065549,0.569548461
1,0.852555419,-0.338080414,-0.109271973,0.454940314
1,0.939486768,-0.622182489,0.419167031,0.012677301
1,1.037529392,-0.184844441,0.045458791,0.579093592
1,0.824239693,-0.473592339,0.186724137,0.224116952
1,0.766165848,-0.386670904,0.076658358,0.427609406
1,1.646591147,-0.312314147,0.559942238,0.66679149
1,0.490061231,0.003517193,0.203638429,0.292743195
1,0.890668612,-0.177855955,0.21703301,-0.162258732
1,0.901318456,-0.479261103,0.473934062,-0.252024482
1,1.700786416,-0.399647339,0.543671565,-0.737243775
1,1.805309027,-0.04335139,0.404633614,0.478874579
1,2.749226513,0.053848409,-0.555039912,0.790815257
1,1.167435454,-0.110241596,0.793016337,-0.212620355
1,1.280343156,-0.673726114,0.519556743,-0.835705811
1,1.184814884,-0.655329745,0.105557018,-0.122691521
1,1.468270673,-0.211100732,0.339969289,-0.792265941
1,1.271455139,-0.544823434,-0.138980052,-1.056381314
1,2.289485169,0.117655555,0.193646667,-0.147713101
1,3.696968908,0.811027021,-0.318144484,-0.34912574
1,5.155590759,1.353357457,-0.313850516,-1.540353318
1,4.287226071,-0.357261516,0.033964897,0.616935439
1,2.336314798,0.062203346,0.54946846,-0.769560248
1,1.524256223,0.125873674,0.282148932,-0.089571699
1,1.38303614,0.176474994,0.340453739,-0.707658186
1,5.589334516,0.249343784,-0.360587631,0.091665018
1,6.87206901,0.124265331,-0.693508784,0.775803592
1,1.935243035,0.262898163,0.163369248,0.520205812
1,0.654798221,-0.015664804,0.198487455,0.262262102
1,0.317401826,-0.017733805,0.198637024,0.169541752
1,0.503521488,0.023919497,0.207310921,0.289264752
1,0.591034335,-0.012567766,0.235614443,0.236691679
1,0.548976336,-0.058420906,0.264735574,0.094112712
1,2.349893219,0.450950268,-0.826963625,-0.117379661
1,0.412723218,0.130066108,0.226739653,-0.024778374
1,0.763959375,0.057757971,0.068371763,0.217166689
1,1.425160667,0.06214751,-0.215694187,-0.502000589
1,3.459111511,1.132127225,0.842464875,-0.999639174
1,2.953191618,0.747362363,0.691780242,-0.809288423
1,3.430164033,0.1730031,1.91447125,1.32502309
1,1.324144301,-0.470988689,-0.173437842,0.088577627
1,0.902900239,-0.301302077,-0.101420248,0.377266895
1,0.486956525,-0.289168512,0.011739003,-0.047874699
1,0.414328258,-0.23460091,-0.002192905,-0.093622462
1,1.154263097,-0.229391434,0.1335443,0.184307524
1,0.706915729,0.059030353,0.179353088,0.258296636
1,0.350223525,0.022313736,0.227190764,0.215052411
1,2.018502543,0.449220454,-1.474040873,1.299067794
1,3.122397658,0.624754589,-2.19956945,2.125732767
1,0.774340596,0.180498651,-0.524410512,0.460033512
1,0.833534657,-0.075705538,0.123601438,0.306702482
1,1.189863837,0.12150782,0.122604603,0.02924192
1,1.656865526,-0.401945429,0.282164616,0.497044008
1,5.924318686,0.833501469,-0.634870548,0.083317199
1,6.684271024,0.636619229,-0.949806354,0.586619167
1,7.866460216,-0.968282014,-1.281660949,-1.048418895
1,6.507110221,0.601051531,-0.593967686,-0.718923597
1,6.460450247,-0.366071239,-0.652039975,0.833253224
1,7.235688622,0.229164434,-1.213703727,1.699543514
1,4.167361281,-0.403929007,0.613717007,0.652855212
1,0.986063946,-0.431191799,-0.610272708,0.487666875
1,0.598618268,-0.020922202,0.114879851,0.493617359
1,0.53642122,-0.005418399,0.016334519,0.526708523
0,0.533374882,5.40E-05,0.024682836,0.530805113
0,0.532968021,0.003016607,0.020098916,0.530998772
0,0.53461028,0.002103525,0.022352278,0.5325163
0,0.537453131,0.006528701,0.020305208,0.535445916
0,0.541121297,0.007836031,0.020252888,0.539049137
0,0.559294416,-0.002481364,0.022796775,0.503964205
0,0.535586974,-0.020110843,-0.003230295,0.533265868
0,0.536151015,-0.016753233,-0.003179979,0.534092151
0,0.527953635,-0.02002957,-0.000100141,0.525609342
0,0.530063309,-0.02865599,-0.002887202,0.526543399
0,0.534144239,-0.015857324,-0.00054883,0.532139366
0,0.536443736,-0.009963443,-0.000390092,0.533554622
0,0.535667633,0.010922241,-0.00115953,0.534056214
0,0.537476961,0.018934056,-0.002583652,0.535309025
0,0.538695915,0.018705892,0.000104987,0.536643598
0,0.541268356,0.021644707,0.000139608,0.538854
0,0.540607358,0.018851895,0.000296218,0.538510611
0,0.54269811,0.02530786,-0.003294256,0.53993384
0,0.540988975,0.021501461,-0.000949234,0.538584476
0,0.541572265,0.017640492,-0.000345369,0.539466568
0,0.541543935,0.021838103,-0.003853723,0.538730628
0,0.542598048,0.022808341,-0.001119303,0.54012403
0,0.541897825,0.015376721,9.74E-05,0.540078457
0,0.543635024,0.015723871,0.000581705,0.541855037
0,0.544601318,0.009625012,-0.005818756,0.536934787
0,0.540025306,0.007054221,-0.004927752,0.538485764
0,0.542622759,0.006110457,-0.005123435,0.54106149
0,0.54285267,0.007209878,-0.010663698,0.541101238
0,0.541898287,0.007565262,-0.008207784,0.540256247
0,0.54651764,0.011624372,0.007029611,0.541183085
0,0.542278903,0.018258987,0.015577256,0.540000426
0,0.543963205,0.02231031,0.017310879,0.541249531
0,0.548210017,-0.001450893,-0.004953757,0.539183472
0,0.542246799,-0.003897288,-0.010747326,0.540264657
0,0.542536738,-0.003247643,-0.008041889,0.540849464
0,0.543762085,-0.003256587,-0.007945119,0.542159776
0,0.543278239,-0.002176775,-0.006745364,0.54180133
0,0.544397095,0.000400032,-0.007063173,0.5427459
0,0.545522569,-0.000925591,-0.009251538,0.543922431
0,0.545232987,-5.77E-05,-0.007578329,0.54373999
0,0.545089363,-0.001245503,-0.006066912,0.543621701
0,0.544891167,-0.000811422,-0.011563892,0.54305859
0,0.543010579,-0.003642048,-0.009661221,0.541231638
0,0.544506052,-0.000516645,-0.007870539,0.542919618
0,0.545841775,0.00122544,-0.005783669,0.544364465
0,0.546290516,-0.001640644,-0.008888589,0.544659614
0,0.547714839,0.000635898,-0.010206736,0.545995645
0,0.545809342,0.002581952,-0.006955446,0.544342803
0,0.547487973,0.001102654,-0.008571431,0.545883422
0,0.549589592,0.000599777,-0.008784248,0.548023569
0,0.549487926,0.001863263,-0.009514689,0.547898576
0,0.551380606,0.003578428,-0.006402129,0.549841171
0,0.552826055,0.003913039,-0.008556958,0.551237533
0,0.551536412,0.005149253,-0.009375659,0.549860368
0,0.554848308,0.005914112,-0.017310532,0.552240121
0,0.554569821,0.00682445,-0.009444831,0.552837176
0,0.554369088,0.007698926,-0.007747975,0.552741782
0,0.555650785,0.008778455,-0.007424337,0.554013473
0,0.555968671,0.009400976,-0.00862897,0.554306218
0,0.55689792,0.010253205,-0.00834691,0.555142085
0,0.557059028,0.01078576,-0.008049385,0.555140968
0,0.562729651,0.008714528,-0.007274625,0.55356893
0,0.567246625,0.005530659,0.005122585,0.555425897
0,0.55575942,0.000808528,0.010478922,0.554468682
0,0.559169329,0.002993188,0.010317853,0.557949133
0,0.557098273,0.005263414,0.009879308,0.555825869
0,0.558225516,0.00628014,0.009584339,0.556911345
0,0.557427132,0.004467005,0.008889202,0.556190442
0,0.556463994,0.006872232,0.010318338,0.55511079
0,0.557528016,0.006302554,0.009755772,0.556244136
0,0.559634539,0.006432311,0.010360045,0.558360765
0,0.559072156,0.006125377,0.009408449,0.557831342
0,0.561007405,0.010008067,0.010734208,0.559592635
0,0.561672684,0.00774231,0.009950987,0.560280719
0,0.56203521,0.006312258,0.009770519,0.560658307
0,0.563084873,0.008690033,0.010439494,0.561580372
0,0.562792781,0.007696877,0.01116404,0.561469133
0,0.562712477,0.010250802,0.010631153,0.561295114
0,0.563793808,0.00801365,0.009408277,0.562474315
0,0.562712314,0.0125017,0.0119809,0.561115172
0,0.56389293,0.007329772,0.010251856,0.562573988
0,0.564105975,0.008228927,0.009933192,0.562718529
0,0.567838508,0.013390624,0.010963321,0.566160158
0,0.558697271,0.004175257,0.009187866,0.557406848
0,0.559313328,0.007225837,0.009897517,0.557985005
0,0.560974648,0.008975248,0.012159436,0.559476745
0,0.56137171,0.008487917,0.010849429,0.559963636
0,0.561287885,0.011565289,0.012341296,0.559733646
0,0.559377015,0.009261823,0.010443067,0.557960249
0,0.56051709,0.007096946,0.009296946,0.559225471
0,0.55843604,0.009397304,0.010542571,0.557025053
0,0.558635811,0.006365112,0.009879773,0.557316053
0,0.559511503,0.009223515,0.011306884,0.558026777
0,0.55674136,0.00755234,0.010751052,0.555353851
0,0.558649916,0.008455308,0.0102844,0.557245839
0,0.559489581,0.009132735,0.01181025,0.557979871
0,0.561315883,0.005040409,0.009381473,0.560066173
0,0.558184767,0.004760204,0.010761523,0.55688227
0,0.559480199,0.005736561,0.010430943,0.558183928
0,0.55987956,0.010735887,0.012538479,0.558274808
0,0.558334647,0.008499522,0.010407031,0.556934533
0,0.560357036,0.009930809,0.010250771,0.55888755
0,0.561436209,0.009999627,0.01092472,0.559981105
0,0.560832218,0.01083694,0.010485004,0.559334298
0,0.561229135,0.012410186,0.011906596,0.55961215
0,0.56207703,0.01357403,0.012987411,0.560361794
0,0.559897372,0.013065663,0.010886351,0.558331322
0,0.559948517,0.011980664,0.011785004,0.55833582
0,0.560582153,0.010240795,0.011696665,0.559055783
0,0.564432295,0.01110729,0.010693478,0.562957651
0,0.56488265,0.011991321,0.010294104,0.563277686
0,0.563745938,0.011850727,0.010923382,0.562241089
0,0.564514552,0.01851434,0.012204553,0.562519673
0,0.565164018,0.012851441,0.010933475,0.563573769
0,0.564927913,0.008696378,0.010267341,0.563498628
0,0.564377401,0.010126221,0.010005643,0.562944508
0,0.560364935,0.012404679,0.013027426,0.558777886
0,0.561379939,0.010526813,0.011475472,0.559687763
0,0.561021575,0.009233124,0.01047283,0.559577217
0,0.559435828,0.011812558,0.011607865,0.557862842
0,0.559716839,0.00968219,0.011616268,0.558239777
0,0.559721412,0.011819994,0.010849507,0.558169119
0,0.562011682,0.012764812,0.011138941,0.560330105
0,0.562787036,0.013456053,0.011319269,0.561133428
0,0.559418548,0.013419976,0.011436753,0.557692711
0,0.561268782,0.011449205,0.010685862,0.559749129
0,0.561438296,0.015814111,0.01302283,0.559567245
0,0.563652793,0.012228503,0.010488435,0.562081095
0,0.563538307,0.010401277,0.010810721,0.562037157
0,0.562290797,0.0110879,0.011127983,0.560808532
0,0.562768519,0.015811179,0.012457961,0.560985048
0,0.565308143,0.015963119,0.01127555,0.563434454
0,0.564454624,0.01356819,0.010613458,0.562766556
0,0.565351843,0.015693945,0.011452549,0.563621886
0,0.56325859,0.013604939,0.01229994,0.5615262
0,0.563258445,0.010506882,0.010094327,0.561792653
0,0.562326441,0.010762646,0.010667728,0.560812069
0,0.56224753,0.013711293,0.01172485,0.560615384
0,0.563809585,0.009000884,0.010419582,0.562415806
0,0.564665838,0.01143557,0.010930747,0.563160099
0,0.562613005,0.011869977,0.012468081,0.560998144
0,0.561538939,0.010052273,0.011274458,0.560092591
0,0.559603853,0.008681926,0.0094925,0.558261153
0,0.560463379,0.008999952,0.010936515,0.558989746
0,0.561178495,0.011640012,0.011894826,0.559641014
0,0.560952479,0.008110808,0.010782025,0.559561924
0,0.56112806,0.007799615,0.009931331,0.559753187
0,0.561177403,0.013931846,0.01140253,0.559486902
0,0.56216803,0.014659385,0.011408074,0.560471848
0,0.564164144,0.012774281,0.011244661,0.562600116
0,0.564594148,0.013585624,0.011275858,0.562973622
0,0.562337761,0.0183368,0.013373451,0.560396641
0,0.563803006,0.010948995,0.010724384,0.562269904
0,0.566264871,0.013946238,0.010864381,0.564564048
0,0.565719935,0.017738236,0.011515013,0.563708371
0,0.566456376,0.011407098,0.010805192,0.564947961
0,0.565696505,0.010145249,0.010300802,0.564321743
0,0.564855692,0.008749754,0.010541112,0.563467655
0,0.564782857,0.010821936,0.011311913,0.563273532
0,0.564419258,0.012744815,0.009906334,0.562919135
0,0.563781577,0.01203706,0.011314216,0.562232235
0,0.563798013,0.012653293,0.012151629,0.562137581
0,0.563178276,0.013065846,0.011437711,0.561573687
0,0.562501897,0.011546977,0.010741554,0.560937539
0,0.563734505,0.009773515,0.010701287,0.56231839
0,0.561879791,0.010263901,0.011011019,0.56037427
0,0.561238455,0.010210302,0.011274113,0.559756738
0,0.561976811,0.009166825,0.011354435,0.560495334
0,0.562209588,0.012030871,0.013070667,0.560497913
0,0.56161503,0.00893588,0.011469256,0.560206348
0,0.561048619,0.005203147,0.010944593,0.55974657
0,0.561959676,0.007421631,0.009790802,0.560635622
0,0.562106573,0.008459112,0.012491358,0.560657404
0,0.563456519,0.009737183,0.012056017,0.561884264
0,0.564543037,0.011134515,0.011915309,0.562539518
0,0.56381015,0.00694924,0.010867412,0.562449457
0,0.558578815,0.004900726,0.016700331,0.555673043
0,0.556206286,0.001932276,0.011154637,0.554895088
0,0.559077527,0.007144956,0.012080415,0.557666825
0,0.036392365,0.000794185,4.99E-05,0.002302399
0,0.191082993,0.00213504,0.010447932,-0.012972248
0,0.046883047,0.000839536,-0.004902167,-0.005168017
0,0.051197091,0.001265082,0.00273377,-0.002549262
0,0.652154857,-0.318970259,0.326619397,-0.339476724
0,0.351291221,-0.087284756,0.118458232,-0.090102134
1,0.190364074,-0.010456338,-0.046783099,0.056333803
1,0.050215719,0.000126165,-0.010374491,-0.001344739
1,0.049015433,0.003025717,-0.004017619,-0.001320245
1,0.022483722,0.001349059,0.001015114,0.005503871
1,0.012089257,0.001333414,0.000633632,0.000815427
1,0.013114408,0.000433822,0.000980245,0.001127281
1,0.041541812,0.000680591,-7.96E-05,-0.000458862
1,0.083639711,0.000822648,-5.95E-05,-0.004853195
1,0.024091295,-6.78E-05,-0.000783093,-0.001245451
1,0.005730363,-7.86E-05,7.39E-05,-0.001479891
1,0.056211638,0.003761116,-0.001830656,-0.001998425
1,0.04027092,0.004670387,-0.007620486,-0.006654257
1,0.045098305,0.002547386,-0.003313126,-0.001509779
1,0.046485756,0.002004421,-0.000564631,-0.002580915
1,0.093046888,0.0055051,-0.003365075,-0.006097674
1,0.142938607,0.011527477,-0.000756256,0.000283784
1,0.083912501,0.00403013,0.006836252,0.003704378
1,0.509760948,0.103741513,0.062808431,0.034263417
0,1.355406356,0.45465081,0.60180856,-0.543936252
0,1.419335294,0.363813936,1.01568963,0.30137587
0,0.049021704,0.003070169,-0.011043686,-0.000480608
0,0.04858883,0.000816233,-0.009712929,-0.000283592
0,0.038480385,0.000876362,-0.012075793,-0.000405515
0,0.066424594,0.001560315,-0.010200963,-0.003042332
0,0.108212299,0.00330181,0.004140095,-0.010165429
0,0.024208478,0.001858047,-0.001396407,0.0023792
0,0.008730836,-0.000196521,0.000105317,0.004958271
0,0.008640104,-0.000222823,7.47E-05,0.00490488
0,0.017744819,0.001272872,-3.17E-05,0.004888755
0,0.007209495,-0.000108206,4.28E-05,0.004090022
0,0.010830171,-0.000139217,0.000156059,0.004379156
0,0.022281289,0.00057849,-0.000956958,0.002516586
0,0.019585268,-0.000400022,0.000478796,0.002610175
0,0.007184855,-0.000119948,0.000148097,0.004761024
0,0.007669282,-0.00012488,5.46E-05,0.004730481
0,0.00769232,-9.33E-05,0.000129593,0.004736789
0,0.029346918,0.000890806,-0.002632509,-0.000295009
0,0.006587119,-6.54E-06,0.000145954,0.00521122
0,0.007547233,1.68E-05,0.000112232,0.005138862
0,0.007472467,0.000124726,7.99E-05,0.005079781
0,0.010351779,8.58E-05,-0.000150437,0.002767476
0,0.082830722,0.001409047,-0.004392935,0.001756244
0,0.926224572,0.338273047,0.185590589,-0.14714852
0,1.177548437,0.482429219,0.419782841,-0.445411687
0,1.08967728,0.513665879,0.367391645,-0.07901811
0,1.322102679,0.474181396,0.697550908,0.284170387
0,1.372565273,0.640827462,0.622766018,-0.42770477
0,0.404467019,0.043234041,0.103779851,-0.033946401
0,0.24246139,0.018798405,0.008484442,0.011358226
0,0.158962459,0.019632728,0.003101728,0.007034741
0,0.096714475,-0.00214225,0.00030289,0.008260683
0,0.030371359,0.003395689,-0.003844661,0.001607243
0,0.02855663,0.000778897,-0.000956983,0.001870074
0,0.026761862,0.000164652,0.000222996,0.003017893
0,0.015041139,-0.00011643,0.000129797,0.005053883
0,0.026096231,0.002536419,-0.000719676,0.002531867
0,0.164544954,-0.00473194,-0.017361671,0.01894977
0,0.126024212,-0.004800591,-0.016850186,0.023575465
0,0.145142746,0.012689915,-0.019668147,0.026999716
0,0.156900274,-0.013873802,-0.017590304,0.012288356
0,0.032492588,0.002718144,-0.010614073,0.002923835
0,0.152603541,0.005483373,-0.017401028,0.02361678
0,0.088358305,0.015764908,-0.005878327,0.011205079
0,0.025939406,0.00036221,-0.000542319,0.002954967
0,0.031250156,0.001570797,-0.001962741,0.003444505
0,0.048893874,0.004097965,-0.004766076,0.000582644
0,0.029433042,0.002139352,-0.002184986,0.002909346
0,0.145860285,-0.009073606,-0.002490866,-0.001420118
0,0.236790807,0.002985405,-0.000189716,-0.008701991
0,0.119762695,0.014183388,-0.003953141,-0.010925388
0,0.162040098,-0.003692735,-0.008985077,-0.006851575
0,0.132775665,0.006259444,-0.007566513,-0.020593981
0,0.089552774,0.00759079,-0.009106235,-0.01058939
0,0.11139446,-0.002295206,6.94E-05,-0.001681458
0,0.125456317,-0.002315582,-0.004125225,-0.007011593
0,0.078070409,-0.000358578,-0.000119497,-0.00527779
0,0.105301857,0.009583082,-0.001772839,-0.003471394
0,0.265206398,0.041100963,0.030879501,-0.038398447
0,0.42449391,0.114356752,0.043781134,-0.068299584
0,0.066114277,0.00211821,-0.007624425,0.001207223
0,0.053875701,-0.000151236,-0.003342026,-0.003675913
0,0.050131885,0.003512016,0.000101795,-0.005172204
0,0.033819456,0.002565062,-0.002656137,-0.000693043
0,0.034733756,0.003749179,0.000871688,-0.00168695
0,0.05821368,0.003102231,-0.003473113,0.003382608
0,0.031669443,-8.28E-05,0.001510705,0.002334588
0,0.067282752,0.00703507,-0.000992426,-0.00094433
0,0.010865581,-7.60E-05,-0.010235331,0.002696215
0,0.010688215,0.000139602,-0.00995451,0.002749694
0,0.011506675,6.44E-05,-0.010987377,0.003020324
0,0.061035964,0.003226264,-0.005335675,-0.000782097
0,0.039936319,0.003184289,0.002108993,-0.002419431
0,0.003882192,-0.002244846,-0.001501313,-0.000614927
0,0.004091883,-0.002614949,-0.001699912,-0.000722872
0,0.024439006,0.000154452,-0.000335769,-0.001322315
0,0.028612178,0.001551379,-0.001583363,0.005345753
0,0.066276293,0.00831512,0.00532035,-0.001857002
0,0.006633666,0.001707618,0.000504269,-4.60E-05
0,0.006148643,0.002306169,0.001071429,-7.72E-06
0,0.003674048,0.001478415,0.000424978,6.80E-05
0,0.003126161,0.00164014,0.000691683,-1.35E-05
0,0.003415245,0.001113761,0.000355261,5.88E-06
0,0.003734073,0.001538025,0.00064387,-3.24E-06
0,0.004758736,0.000771641,0.000195952,-6.00E-06
0,0.0051678,0.000643926,0.000305209,2.43E-05
0,0.009699077,0.000610219,0.00100919,0.000598315
0,0.010264064,0.000231495,0.001260254,0.000110856
0,0.058825124,0.006500285,0.008887664,0.003283961
0,0.038997688,0.003278798,-0.005806139,-2.94E-05
0,0.030831741,0.000630464,-0.001805344,0.003728756
0,0.044653461,0.002300022,-0.000661996,-0.00011377
0,0.049445347,0.005562347,-0.001253897,-0.000415302
0,0.232207355,0.011649059,0.013366046,0.016747658
0,0.261394419,-0.008061225,0.014015077,0.020633392
0,0.282660174,0.030801345,0.013463491,0.034070356
0,1.130746265,0.514872676,0.266181186,-0.224419602
0,0.077703763,0.020508804,0.002145226,-0.004866535
0,0.081879269,0.001001116,-0.003131232,0.006361129
0,0.022356402,-0.000953752,0.00055093,0.003059746
0,0.046320306,0.001064405,0.006634107,0.000261515
0,0.037606719,0.002568147,0.002978145,-0.00163835
0,0.028961043,0.00034768,0.001279619,-0.001750766
0,1.100968051,0.330699716,0.190112273,-0.057682433
0,1.414735965,0.579063712,0.717038739,-0.274256117
0,0.327951691,0.048427561,0.031346278,0.035134523
0,0.049479383,0.006271575,0.003837768,0.001740328
0,0.060982052,0.006554319,-0.006816515,0.000386314
0,0.811269882,0.395226293,0.281169628,0.028860665
0,0.051961572,0.004431961,-0.009163025,-0.002552627
0,0.110135935,0.00803318,-0.009231276,0.002135413
0,0.05725193,0.001919164,-0.008507044,-0.002364122
0,0.097915558,0.005750579,-0.001184285,-0.003071175
0,0.012169219,-7.50E-05,-2.08E-05,0.009056857
0,0.0068837,-0.000223425,-0.000134921,0.005772837
0,0.015744071,0.000411948,-0.00166358,0.00628047
0,0.061230709,-0.000225323,0.003447319,0.003735532
0,0.129404867,0.007631037,0.013071539,0.004134743
0,0.227438585,0.010580963,0.038306429,-0.003177445
0,0.128621701,0.011082562,0.009612414,-0.001468055
0,0.121869161,0.00193845,0.011038681,0.001240042
0,0.124462739,-0.007146157,0.008930618,-0.003811749
0,0.159284657,0.003206492,0.010326995,0.000254534
0,0.09563548,0.002639698,0.00607946,0.002538065
0,0.054510824,0.000462736,0.003735023,0.00605023
0,0.060204237,-0.000356712,0.001932482,0.004529613
0,0.039215607,0.000309026,0.00183311,0.005609236
0,0.037804547,-0.00126201,0.001864942,0.005826953
0,0.028880162,2.74E-05,0.001413753,0.006003014
0,0.008425961,-4.75E-05,-6.75E-05,0.005802031
0,0.056412283,0.001671135,0.004200545,0.00750884
0,0.059052662,0.000861348,0.00306495,0.00717858
0,0.042144731,0.000394871,0.001340674,0.006539397
0,0.008552574,-4.00E-05,0.0001,0.00787
0,0.045890709,0.000554448,0.001889455,0.00625642
0,0.005626307,-7.48E-05,1.63E-05,0.005136063
0,0.006017957,-0.000164942,1.30E-05,0.005889026
0,0.00568427,-0.000121399,-1.63E-06,0.005616436
0,0.006142942,-0.000127402,1.64E-05,0.006095897
0,0.006108948,-0.00011956,1.56E-05,0.006068377
0,0.006197924,-0.000126068,8.69E-06,0.006134883
0,0.157066548,0.007890555,0.003942115,-0.006817194
0,0.111158297,0.004813924,0.001212668,-0.006985469
0,0.667840465,0.044426607,0.075184384,0.034818233
0,0.748743807,-0.071295016,0.084898094,0.117552021
0,0.912355725,-0.115904817,0.075179455,0.08562111
0,1.084505056,-0.1653739,0.189392396,0.39461925
0,1.348727552,-0.445505673,0.548403831,0.731943333
0,1.283048462,-0.564043644,0.442363372,0.421496
0,0.741275871,-0.029996251,0.075635623,0.090996984
0,1.206211652,-0.177671806,0.418737893,0.455113196
0,1.408321858,-0.224337078,0.708581665,0.866968743
0,0.024997709,-0.000640469,0.004591496,0.004921505
0,0.017319213,0.000761972,0.000981624,0.008277208
0,0.010904159,0.001540021,0.000517675,0.009492084
0,0.015369046,0.001080339,0.00065626,0.009578539
0,0.009783584,0.000957538,0.000693237,0.009626089
0,0.010455287,0.000949676,0.000748692,0.009667741
0,0.02514376,-0.000791583,0.002484569,0.009350963
0,0.010608169,0.001211832,-0.00183688,0.009850848
0,0.010592794,0.001477361,-0.001998618,0.00977089
0,0.010551632,0.00159018,-0.002008438,0.009655758
0,0.010467287,0.001549916,-0.002124738,0.009759397
0,0.010539332,0.000989634,-0.002375058,0.010056524
0,0.010198434,0.00158706,-0.002333166,0.009504397
0,0.01105888,0.000460377,-0.002205026,0.009569215
0,0.009243508,-0.001050272,-0.002331281,0.008551591
0,0.009196773,-0.001128951,-0.002399958,0.008722399
0,0.00901393,-0.001327162,-0.002363539,0.008536921
0,0.008958099,-0.000975419,-0.002336872,0.008541876
0,0.00901464,-0.001028272,-0.002361026,0.008583455
0,0.009000803,-0.001178041,-0.002377706,0.008454469
0,0.008664498,-0.00125693,-0.002336327,0.008183396
0,0.008766304,-0.001228817,-0.002357801,0.008289864
0,0.008847307,-0.001573319,-0.002301654,0.008183037
0,0.008320289,-0.001785696,-0.002221026,0.00777112
0,0.008561827,-0.001851518,-0.002287503,0.00799081
0,0.008519647,-0.001814597,-0.002274869,0.007959225
0,0.103640728,-0.000145853,0.010780457,0.006606912
0,0.020450008,-0.000682031,0.001057215,0.007657969
0,0.019953453,0.003719891,-0.000128748,-0.000827722
0,0.016313671,0.004057185,0.000289443,-0.000147654
0,0.028178153,0.003011651,0.000364124,0.000814166
0,0.007289134,-9.73E-05,0.000204399,0.007251236
0,0.00757616,-8.35E-05,0.000226492,0.007540105
0,0.008081049,-6.35E-05,0.000249382,0.008046975
0,0.018977464,-0.000357385,0.001145611,0.008597486
0,0.008711461,-3.37E-06,0.000228314,0.00866023
0,0.008665642,-1.01E-05,0.000213571,0.008631853
0,0.008730598,1.36E-05,0.00021436,0.008700523
0,0.013271397,0.000223602,0.000502199,0.008835141
0,0.008850067,-8.10E-06,0.000100482,0.00882199
0,0.008761854,-1.65E-05,8.89E-05,0.008729194
0,0.055508454,0.009280109,-0.006763023,0.003935741
0,0.106702336,0.007663073,0.00616883,0.002428721
0,0.032525154,0.000403978,0.002166604,0.00825871
0,0.007559528,-0.000256188,0.000296251,0.00751045
0,0.008056519,-0.00028067,0.000314869,0.007925487
0,0.022750324,-0.002279824,0.002008141,0.004434994
0,0.0364367,0.000467874,0.000548377,-0.000110199
0,0.038308981,0.000489285,-0.000203166,0.005308115
0,0.064057239,-0.011464349,0.01280421,-0.017249811
0,0.007462089,-0.000202827,0.000160147,0.007425257
0,0.00759086,-0.00020651,0.000162696,0.007553527
0,0.007965003,-0.000210804,0.000179292,0.007929083
0,0.008095241,-0.000207749,0.00018578,0.008056628
0,0.008270829,-0.000220021,0.000193466,0.008234618
0,0.008161031,-0.000211076,0.000193949,0.008126591
0,0.00845418,-0.000214719,0.000189405,0.008417148
0,0.00809133,-0.000208019,0.000179313,0.008053245
0,0.007760812,-0.000188188,0.000191393,0.007723853
0,0.007632339,-0.000198576,0.000174686,0.007596126
0,0.023918536,-0.00312028,-0.000914818,-0.000196819
0,0.02791236,-0.00396467,2.70E-05,-0.003631183
0,0.006632973,-0.000225403,0.000126827,0.006589885
0,0.007046754,-0.000215644,0.000136586,0.007005215
0,0.006629407,-0.000188526,0.000119535,0.006588442
0,0.006996001,-0.000208122,0.00013812,0.006956521
0,0.007258878,-0.000207391,0.000147697,0.007219786
0,0.007041419,-0.000205487,0.000138597,0.007001696
0,0.00721715,-0.000212919,0.000151445,0.007179125
0,0.007039495,-0.000214023,0.000151298,0.007000942
0,0.007294692,-0.000216248,0.000143509,0.007256533
0,0.007239798,-0.000205215,0.000147267,0.007202597
0,0.007367472,-0.000214049,0.000155905,0.007329481
0,0.007091238,-0.000217609,0.000134276,0.007052575
0,0.007244225,-0.000225701,0.000147468,0.007206174
0,0.007410918,-0.000219263,0.000152889,0.007373053
0,0.007163992,-0.000213735,0.000140431,0.007126508
0,0.007580244,-0.000227455,0.000163141,0.007543058
0,0.007214605,-0.000216534,0.000152386,0.007176622
0,0.00744355,-0.000213693,0.000151214,0.007402094
0,0.007576898,-0.000220352,0.000148827,0.007420666
0,0.007898309,-0.000237018,0.00016786,0.007845687
0,0.007822583,-0.000251424,0.000164405,0.007780549
0,0.007816528,-0.000232489,0.000162717,0.007776136
0,0.007719912,-0.000227952,0.000159192,0.00767858
0,0.007188487,-0.000209694,0.000139426,0.007147404
0,0.00819654,-0.000254136,0.000170262,0.008155518
0,0.007587242,-0.000222185,0.000153893,0.007546714
0,0.007275058,-0.000210511,0.000152638,0.007235595
0,0.007402455,-0.000217986,0.000161286,0.007364866
0,0.007549959,-0.000220461,0.000165801,0.00750978
0,0.008345191,-0.000242337,0.00017992,0.008306972
0,0.009006027,-0.000190038,0.000190247,0.008972478
0,0.010301701,-0.000215728,0.000274366,0.010271037
0,0.010215916,-0.000259049,0.000278111,0.010183075
0,0.008790871,-0.000282681,0.000220691,0.008752272
0,0.005225725,-0.000271701,5.32E-05,0.00516592
0,0.006728239,-0.000203642,0.00014306,0.006670735
0,0.006275282,-0.000187288,0.000130827,0.00622599
0,0.006149728,-0.000193717,0.000119246,0.006103832
0,0.006687429,-0.000199539,0.000139049,0.006644095
0,0.006227454,-0.000181767,0.000110718,0.006184321
0,0.006881116,-0.000196628,0.000153319,0.006838492
0,0.006760434,-0.000193237,0.000132852,0.006718405
0,0.007064221,-0.000207812,0.000144105,0.007022597
0,0.006906948,-0.000197173,0.000138547,0.006864698
0,0.006841264,-0.000203705,0.000141051,0.006800858
0,0.007388572,-0.000206407,0.000158668,0.007349707
0,0.008144032,-0.000238806,0.000190387,0.008103686
0,0.006888784,-0.000222027,0.000134108,0.006845708
0,0.007423447,-0.000224362,0.000160758,0.007384345
0,0.007217584,-0.000223744,0.000145163,0.007178727
0,0.007354927,-0.000216963,0.000148168,0.00731445
0,0.007471698,-0.000215054,0.000156742,0.007431449
0,0.007069283,-0.000204105,0.000144775,0.007029864
0,0.00725995,-0.000203704,0.000147656,0.007221515
0,0.007924275,-0.000232412,0.000170331,0.007886013
0,0.007247567,-0.000227261,0.000139426,0.007206428
0,0.007267745,-0.000210762,0.00013995,0.007229062
0,0.007084152,-0.000206929,0.000145677,0.007045363
0,0.007490043,-0.000211642,0.000156533,0.007451822
0,0.007360819,-0.000221231,0.000149162,0.007321692
0,0.007451912,-0.000213382,0.000160628,0.007413026
0,0.007067062,-0.000218903,0.000138099,0.007026523
0,0.007312982,-0.000228434,0.00015044,0.007271985
0,0.0073539,-0.000215369,0.000146482,0.007315243
0,0.007497775,-0.000223241,0.000165724,0.007459694
0,0.007668367,-0.000231219,0.000171315,0.007628371
0,0.007223371,-0.000220875,0.000146022,0.007182601
0,0.007232469,-0.000223927,0.000151957,0.00719395
0,0.007716555,-0.000220226,0.000156323,0.007676822
0,0.007556781,-0.000241541,0.000148011,0.007516394
0,0.007116121,-0.000215075,0.000135427,0.007076696
0,0.00735803,-0.000224299,0.000148284,0.007316953
0,0.007554651,-0.000207016,0.000161361,0.007516817
0,0.007700844,-0.00023281,0.000162479,0.007660657
0,0.007271501,-0.000224204,0.000144137,0.007231616
0,0.007480162,-0.000213044,0.000151445,0.007442462
0,0.007275807,-0.000220934,0.000148566,0.007236152
0,0.007258109,-0.000223178,0.000145708,0.007219493
0,0.007578622,-0.000221064,0.000161348,0.0075384
0,0.007296427,-0.000222969,0.000141059,0.007257621
0,0.007198077,-0.000225952,0.000131854,0.007158602
0,0.007865306,-0.000234673,0.000181198,0.007826005
0,0.007251465,-0.000215745,0.00014085,0.007211453
0,0.007309962,-0.000213822,0.000159162,0.00727089
0,0.007549521,-0.000218928,0.000160888,0.007511809
0,0.007172566,-0.000225345,0.000141775,0.007133236
0,0.007337951,-0.000216939,0.000149895,0.007299309
0,0.007572898,-0.000221629,0.000158459,0.007534569
0,0.007189455,-0.000222697,0.000128224,0.007148241
0,0.007320027,-0.00021553,0.000154249,0.007279992
0,0.007385876,-0.000216063,0.000173403,0.007346199
0,0.00741272,-0.000226759,0.000148053,0.007374016
0,0.007178623,-0.00022657,0.000139238,0.007140808
0,0.007186019,-0.000215306,0.00014129,0.007148451
0,0.007277011,-0.000217371,0.000148828,0.007239138
0,0.007383821,-0.000223576,0.000142441,0.007346231
0,0.007291377,-0.000224497,0.000146608,0.007252848
0,0.007244215,-0.00022333,0.000139895,0.007207058
0,0.007206541,-0.000217957,0.0001446,0.007167853
0,0.007312534,-0.000210867,0.000152638,0.007274058
0,0.007238574,-0.000211432,0.000138924,0.007200356
0,0.007181145,-0.000226926,0.000135218,0.00714309
0,0.007244541,-0.000226445,0.000140662,0.007206868
0,0.007247964,-0.000209502,0.000149058,0.0072099
0,0.007415107,-0.000219598,0.000154209,0.007377366
0,0.007271905,-0.000223827,0.000146566,0.007232998
0,0.007796049,-0.000234003,0.000167274,0.007757684
0,0.007036922,-0.000224168,0.000126869,0.006997529
0,0.007260485,-0.000213353,0.000156865,0.007214127
0,0.007651046,-0.000216018,0.000153706,0.007613296
0,0.007514314,-0.00023371,0.000153434,0.007470394
0,0.007233583,-0.000223728,0.000150366,0.007189969
0,0.007109947,-0.000208433,0.000146349,0.007070914
0,0.007317404,-0.000220771,0.000154774,0.007278978
0,0.007775208,-0.000221776,0.00017142,0.007736118
0,0.007274783,-0.000225236,0.000142723,0.007233759
0,0.006946875,-0.000211935,0.00013124,0.00690804
0,0.007336204,-0.000218522,0.0001581,0.00729684
0,0.007258417,-0.000217714,0.000148953,0.007219661
0,0.007319716,-0.000223414,0.000141571,0.00728067
0,0.007231327,-0.000217584,0.00014597,0.007192652
0,0.007155133,-0.000221725,0.000147468,0.007115299
0,0.00730485,-0.000215874,0.000157927,0.007265717
0,0.007225388,-0.000224079,0.000149372,0.007186348
0,0.00745629,-0.000219221,0.00015312,0.007417609
0,0.007011517,-0.000207035,0.000138044,0.006972131
0,0.007148331,-0.000220239,0.000137129,0.00710946
0,0.007298417,-0.000223513,0.000149728,0.007259631
0,0.007735056,-0.00022008,0.000155088,0.007695226
0,0.007841255,-0.000239761,0.000158229,0.007799812
0,0.008101392,-0.000240548,0.000181055,0.00806077
0,0.007729018,-0.000227345,0.000156009,0.007687772
0,0.007336499,-0.000222136,0.000137424,0.007294387
0,0.007402537,-0.000211453,0.000151403,0.007360637
0,0.00701907,-0.000217085,0.000144682,0.006978078
0,0.0073029,-0.000211699,0.000161469,0.007263102
0,0.008311656,-0.000251037,0.000193529,0.008272963
1,0.02414662,0.001137471,0.005914515,0.003619953
1,0.050977633,-0.003432018,0.005450164,0.006436489
1,0.095833803,-0.010458264,0.006310377,0.000983201
0,0.093094269,-0.001786291,0.00225517,0.003243575
0,0.026134961,0.000691546,-0.000191149,0.000618749
0,0.054941443,-0.000833005,0.004263206,0.003841733
0,0.134458971,0.008897615,0.006625059,0.003878427
0,0.272670332,0.009296432,0.01917186,0.000579505
0,0.501930305,0.014080389,0.020670817,-0.033547823
0,0.386451609,0.014002039,0.016734999,-0.002849698
0,0.244795068,0.027795186,0.017815968,-0.01661449
0,0.339706181,-0.017401586,0.007318033,-0.024091169
0,0.339837443,0.012728186,0.009514543,-0.003128458
0,0.335842523,0.026641138,0.02174367,0.02070475
0,0.03798906,-0.000949299,0.003338355,0.006632643
0,0.095833043,0.001461289,0.004913287,0.006801423
0,0.152808717,-0.00475137,0.0110548,0.000444698
0,0.041785046,-0.000680888,0.004558175,0.007335001
0,0.020872645,1.58E-05,0.001357627,0.007070684
0,0.013708273,0.000452301,0.000194833,0.007957636
0,0.033362732,0.000824472,0.002091905,0.006792533
0,0.056586771,-0.000466618,0.004820553,0.006375596
0,0.009570688,0.000368403,3.96E-05,0.007481565
0,0.009731839,0.000414062,8.52E-05,0.00778575
0,0.0229536,0.000290291,0.001167315,0.007650429
0,0.064837961,0.001768521,0.002229011,0.012469232
0,0.416071014,0.043346621,0.008854488,0.050332894
0,0.405634998,0.019204101,0.013822703,0.042588742
0,0.210988964,0.00177319,0.011095165,0.016737442
0,0.22347963,0.018921427,0.003100167,-0.006505482
0,0.131510808,0.00972558,0.001181949,-0.011444928
0,0.167565713,-0.000187294,0.004648267,-0.012421617
1,0.146309814,0.015449026,0.003345723,-0.001886509
1,0.11945452,0.000931048,0.001125172,-0.003701006
1,0.135652827,0.005250513,0.007109019,-0.006782883
1,0.133913253,0.014048137,0.00734573,-0.008420866
1,0.176205854,0.012937212,0.002299665,-0.012235873
1,0.175440041,-0.009127935,0.003836741,-0.021287045
1,0.24316624,0.017918094,0.015989642,-0.010529261
1,0.167792883,-0.000110812,0.00546191,0.005705948
1,0.327975504,-0.009724581,0.015346521,-0.01054515
1,0.331911308,0.027561707,0.011602678,-9.99E-05
1,0.297865558,0.016283208,0.011756223,0.024441708
1,0.076565251,0.006389056,0.000316328,-0.00060759
1,0.293160292,0.008320641,0.01350688,0.000249948
1,0.217680394,0.000340938,0.013582566,-0.004190268
1,0.179040521,-0.013540381,0.011654477,-0.001189105
1,0.150019803,0.006736187,0.009134532,0.012770468
1,0.11256449,0.008362571,0.007545154,0.011872598
1,0.167794466,-0.019602906,0.009989579,0.013231563
1,0.072963728,0.002452591,-0.003338585,0.006637115
1,0.011381847,5.64E-05,0.000709648,8.61E-05
1,0.17090308,0.017644788,0.006857169,-0.003792619
1,0.099025976,0.008482282,-0.001471572,-0.013242943
1,0.05393488,0.004903904,0.000149049,0.000132733
0,0.028888508,0.002921609,0.001113895,0.00212808
0,0.016620865,0.004231959,-1.05E-06,0.007496693
0,0.02698062,0.001583867,0.000437225,0.000771417
0,0.015780996,5.08E-05,0.000268208,0.001995061
0,0.022749262,9.67E-05,-0.000942232,0.000404962
0,0.019793061,-0.000220482,-0.001295895,-0.000101864
0,0.014478458,0.001301444,-0.001168355,0.008986229
0,0.025757974,0.000653714,0.001187947,0.004049676
0,0.025437218,5.05E-05,-0.000493886,1.32E-05
0,0.001349479,-0.000731819,-4.49E-05,-3.20E-06
0,0.001343643,-0.000659858,-5.27E-05,4.42E-06
0,0.001369058,-0.000711741,-3.55E-05,-3.24E-06
0,0.001356298,-0.00068937,-3.81E-05,1.04E-05
0,0.001344091,-0.000646798,-4.19E-05,8.14E-06
0,0.001364922,-0.000620908,-4.76E-05,-5.23E-07
0,0.001345754,-0.000615365,-4.76E-05,1.54E-05
0,0.001374219,-0.00065387,-3.73E-05,6.84E-06
0,0.0047691,-0.001332733,-0.000124341,0.000114588
0,0.01364497,-0.00074257,-0.001005797,0.000572122
0,0.024521342,0.000558844,-0.004176743,0.002763345
0,0.005542279,0.00216802,-0.003574508,0.00332005
0,0.005399203,0.002160557,-0.003569512,0.003263737
0,0.005391633,0.002174697,-0.003546526,0.003264776
0,0.005465491,0.002194201,-0.003613356,0.003296462
0,0.005354641,0.002146568,-0.003526915,0.003225931
0,0.005323857,0.002140105,-0.003500042,0.003215146
0,0.005321465,0.002122357,-0.003501905,0.003214528
0,0.005312733,0.002126266,-0.003496777,0.003199372
0,0.005273573,0.002110383,-0.003463617,0.003179527
0,0.005276352,0.002105986,-0.003455567,0.003172206
0,0.005238524,0.002083326,-0.003440314,0.00315772
0,0.005234897,0.002094871,-0.00341794,0.003165857
0,0.005200893,0.002077355,-0.003400858,0.003132482
0,0.005063126,0.002011346,-0.003301779,0.003042286
0,0.004725278,0.00187972,-0.003059669,0.002836689
0,0.004711452,0.001835707,-0.003063123,0.002822075
0,0.059552619,0.004254908,0.00462752,0.002977914
0,0.122206234,0.016252051,0.005692821,-0.001196003
0,0.005789735,-5.67E-06,-9.06E-05,0.00570316
0,0.006322895,2.66E-05,-4.66E-05,0.006194332
0,0.038368409,-0.004907847,0.003770559,0.007984118
0,0.022758927,-0.000604541,0.000415715,0.006596861
0,0.101608823,0.011973865,0.012154205,0.003594617
0,0.071992088,0.011506467,0.000777271,0.003286145
0,0.028061871,-0.000460301,0.001844593,0.006853838
0,0.009279813,-8.00E-05,7.89E-05,0.007009732
0,0.008141972,-1.16E-05,6.00E-05,0.007387027
0,0.008849421,4.02E-06,0.0001441,0.007539142
0,0.030404403,-0.000388031,0.003591735,0.008314354
0,0.036598014,-0.000202051,0.003421645,0.007535189
0,0.0718034,-0.007112369,0.008196421,0.002209983
0,0.027678277,-0.00086005,0.004158564,0.005419933
0,0.13223171,0.012930885,0.014761979,-0.00252421
0,0.006443748,7.24E-05,0.000102009,0.006219063
0,0.021946513,0.007035481,0.002165377,0.004897008
0,0.021186167,0.001101193,0.003835287,0.006116283
0,0.01556671,0.000508059,0.004273812,0.00529753
0,0.044056805,0.001168947,0.00529548,0.003187633
0,0.060105798,-2.83E-05,0.004989686,0.002188745
0,0.0184422,0.00022489,0.002716077,0.005736299
0,0.007345854,0.001152637,0.001159753,0.006963813
0,0.007510406,0.001183344,0.001218519,0.007181565
0,0.027260161,0.001525371,0.003552479,0.003461472
0,0.016448969,0.003523336,-0.000864525,0.004802009
0,0.005600634,0.003969994,-0.000781084,0.00360542
0,0.005667513,0.00397512,-0.000770182,0.0035914
0,0.005649948,0.004033082,-0.00074434,0.003624022
0,0.020908477,0.001471423,0.002712092,0.002878849
0,0.00787027,-0.000560791,0.003912309,0.001575194
0,0.050564716,0.001234338,0.004746147,0.004505632
0,0.037996418,-0.000582081,0.000788884,4.71E-06
0,0.016717976,-0.000767225,8.77E-05,-9.70E-05
0,0.008554492,-0.000444414,0.000480983,-0.000155837
0,0.010904332,-0.000423822,0.000132761,-9.91E-05
0,0.019805675,-0.000924471,-0.000648629,6.09E-05
0,0.005178017,-0.003036187,-0.00124663,0.002473985
0,0.004301772,-0.003056494,-0.001281698,0.002563731
0,0.011132072,-0.003069611,-0.001304165,0.002744391
0,0.044545054,-0.002533634,-4.65E-05,0.003449455
0,0.008805707,-0.001724801,-0.000247991,0.006173671
0,0.006924616,-0.001846547,-0.000307137,0.006424948
0,0.006923747,-0.001942334,-0.000333236,0.006555721
0,0.007069752,-0.001936451,-0.000333417,0.006491818
0,0.007658157,-0.001721452,-0.000275596,0.006766136
0,0.007569081,-0.001761603,-0.000261373,0.007153819
0,0.007268066,-0.001716611,-0.000258201,0.006981276
0,0.007257145,-0.001692969,-0.000252584,0.006971856
0,0.007286182,-0.001718435,-0.000245491,0.007002762
0,0.007282435,-0.001710883,-0.000247593,0.006996358
0,0.008003923,-0.002822703,-0.000210944,0.00579638
0,0.00652079,-0.003083623,-0.000290609,0.005553838
0,0.006383375,-0.002962348,-0.00030046,0.005561951
0,0.006435714,-0.002977004,-0.000301025,0.00561222
0,0.006567232,-0.002952982,-0.000284055,0.005707345
0,0.006608569,-0.002877569,-0.000260766,0.005855995
0,0.006846357,-0.002880816,-0.000278766,0.00590636
0,0.006677912,-0.002685248,-0.000330843,0.00602352
0,0.006744262,-0.002677045,-0.000336347,0.006097824
0,0.006817342,-0.002699519,-0.000352228,0.006169826
0,0.006764357,-0.002670383,-0.000361619,0.006121544
0,0.006871006,-0.002700983,-0.000360222,0.006219293
0,0.00687907,-0.002713834,-0.000355944,0.006231833
0,0.006865672,-0.002676313,-0.000366102,0.006232559
0,0.00688082,-0.002696066,-0.000351161,0.006238816
0,0.006902467,-0.002697616,-0.000368061,0.00626392
0,0.006852743,-0.002672044,-0.000357899,0.006222892
0,0.006854757,-0.002674592,-0.000354165,0.006218815
0,0.006858362,-0.00267897,-0.000366541,0.006224001
0,0.00688262,-0.002684264,-0.000358569,0.006246704
0,0.008277813,-0.002392156,-0.000416189,0.00636074
0,0.007266454,-0.001849466,-0.000395941,0.00694773
0,0.007256329,-0.001891086,-0.000358339,0.006934484
0,0.007220345,-0.001876794,-0.000359887,0.006901632
0,0.00727283,-0.001898556,-0.000357469,0.006950795
0,0.007268258,-0.001942143,-0.000346767,0.00684434
0,0.007701805,-0.002216593,-0.000416049,0.006650764
0,0.007315462,-0.002247207,-0.000347102,0.00665361
0,0.006999377,-0.002245763,-0.000299937,0.006557543
0,0.007021448,-0.002250575,-0.000302092,0.006577975
0,0.006994474,-0.002253003,-0.000310128,0.006548169
0,0.006994549,-0.002249312,-0.000306429,0.006550185
0,0.007290167,-0.002296401,-0.000311676,0.006522641
0,0.008017673,-0.001550052,-0.000391278,0.006893453
0,0.009377663,-0.00154617,-0.000401695,0.006864985
0,0.005722591,-0.003617723,-0.00046131,0.004322452
0,0.005541654,-0.003499247,-0.000446997,0.004172337
0,0.005566051,-0.003392551,-0.000354154,0.004176439
0,0.00559034,-0.003349132,-0.000393202,0.004269546
0,0.005530673,-0.003353893,-0.0003937,0.004302072
0,0.005533131,-0.003349038,-0.000393347,0.00430749
0,0.00550722,-0.003342038,-0.000404624,0.004277589
0,0.005812617,-0.003366471,-0.000400691,0.004331143
0,0.005479451,-0.003358168,-0.000384627,0.004235599
0,0.005476034,-0.003363946,-0.000376376,0.004224482
0,0.005471239,-0.003360033,-0.000367671,0.00422218
0,0.005464708,-0.003358225,-0.000382775,0.004214525
0,0.005376192,-0.00329019,-0.000377933,0.004151872
0,0.005431292,-0.003340134,-0.000364742,0.004184599
0,0.005402253,-0.003309565,-0.000369067,0.004170448
0,0.005406692,-0.003318267,-0.000372777,0.004169282
0,0.005420525,-0.003319251,-0.000374702,0.004182549
0,0.006272994,-0.003312508,-0.000305145,0.004225225
0,0.005848955,-0.00334231,-0.000179556,0.004721699
0,0.006468875,-0.002996882,-0.000321034,0.005353704
0,0.006404812,-0.002769345,-0.000434693,0.005702469
0,0.006451395,-0.002737979,-0.00045792,0.005730153
0,0.006429385,-0.002716297,-0.000439916,0.005747448
0,0.006402745,-0.002700858,-0.000445386,0.005724398
0,0.008187917,-0.002573007,-0.000563402,0.005957564
0,0.006602374,-0.002422641,-0.000460557,0.006064679
0,0.006523706,-0.002403431,-0.000450858,0.005979205
0,0.006527506,-0.002411634,-0.000457292,0.005984955
0,0.007146607,-0.002426072,-0.000472233,0.006025821
0,0.006560779,-0.002577736,-0.00046809,0.0059561
0,0.006587411,-0.002576266,-0.000470364,0.005978087
0,0.006596163,-0.002570927,-0.000470236,0.00598927
0,0.006565552,-0.002581461,-0.000457648,0.005961415
0,0.007077363,-0.002534108,-0.000462231,0.006025487
0,0.006750516,-0.002389454,-0.000478447,0.006220757
0,0.006759594,-0.002351046,-0.000470921,0.006264435
0,0.007419911,-0.002332371,-0.00050542,0.006234589
0,0.006727251,-0.0023552,-0.000603411,0.006216259
0,0.006721773,-0.002358046,-0.000609897,0.006190772
0,0.007974933,-0.002030425,-0.000438816,0.006531073
0,0.009138602,-0.002240816,-0.000403577,0.006276255
0,0.006175643,-0.003411509,-0.000568885,0.004467399
0,0.005571828,-0.003282758,-0.000603746,0.004390291
0,0.005547964,-0.003259322,-0.000608056,0.004373907
0,0.005492921,-0.003235405,-0.000597238,0.004328834
0,0.005521595,-0.00325434,-0.000605208,0.004345785
0,0.005500356,-0.003235684,-0.000612976,0.004331603
0,0.005520931,-0.003243482,-0.000606759,0.004352919
0,0.005540643,-0.003256016,-0.000614354,0.004363695
0,0.005506649,-0.00324087,-0.000600669,0.004335202
0,0.005509024,-0.00324257,-0.000598598,0.004337652
0,0.005526856,-0.003247039,-0.000597489,0.004357397
0,0.005511948,-0.003233291,-0.000608014,0.004345825
0,0.005535456,-0.003254039,-0.000613353,0.004360883
0,0.007022273,-0.003014537,-0.000448233,0.00500389
0,0.006228349,-0.002929259,-0.000334324,0.005354144
0,0.006242938,-0.002885562,-0.000351747,0.005464783
0,0.006245592,-0.002889307,-0.000332559,0.005467546
0,0.006653106,-0.003112432,-0.000464064,0.005025869
0,0.005846643,-0.003210437,-0.000547417,0.004794039
0,0.00583395,-0.003203934,-0.000539025,0.004777799
0,0.007741104,-0.003155002,-0.000551695,0.004908141
0,0.007648314,-0.001346695,-0.000326297,0.006966192
0,0.0070838,-0.001201904,-0.000348494,0.006932385
0,0.007102535,-0.001163361,-0.000338272,0.006961645
0,0.007137747,-0.001158673,-0.00034072,0.006996694
1,1.490733548,-0.283955349,1.023663195,0.947248581
1,0.267914359,-0.026686697,0.001196393,0.052721499
1,0.333201537,0.028677891,0.006551116,0.026537017
1,3.400943916,0.107321525,-0.187632515,0.190518264
1,3.913842806,0.067534961,-0.213041517,0.104643262
1,11.21422395,0.614078772,-1.280545923,-0.619128288
1,8.395496436,-0.115181905,-0.974801253,0.122707776
1,11.59604815,0.351967942,-1.336676194,0.194653376
1,11.28835908,0.706664397,-1.351947535,0.864219689
1,7.949344962,0.058036944,-0.947176068,0.56842571
1,0.59808185,0.055481848,0.00793951,0.045759798
1,0.029253381,0.001595593,1.85E-05,0.008470432
1,0.063196016,-0.002938743,0.001075763,-0.021729635
1,0.218241967,-0.021594369,0.011088695,-0.216402873
1,0.335181657,0.009090049,-0.006850291,-0.189615677
1,0.221498514,-0.023752532,0.017680437,-0.210037429
1,0.225352458,-0.024953745,0.01847902,-0.210854821
1,0.234345213,-0.027578096,0.014583895,-0.214779939
1,0.230200578,-0.028023382,0.013992434,-0.214454062
1,0.243206937,-0.02107577,0.012705936,-0.19821712
1,2.127744123,0.059690967,-0.206720496,-0.011809863
1,0.762303376,0.019081397,-0.140678633,-0.029084666
1,1.520935274,0.103528401,-0.125506219,-0.08204852
1,0.431608876,-0.006092054,0.02410369,-0.104238476
1,0.310072539,0.001470537,0.040287574,-0.13673188
1,1.021949384,0.016981179,-0.122704183,-0.154968541
1,1.881991414,0.065072088,-0.248752542,-0.132326502
1,2.078393004,0.042693234,-0.241535641,0.075751609
1,1.703128659,-0.028821736,-0.20976704,-0.015484474
1,3.066062795,0.141972399,-0.3362398,-0.016081533
1,2.372206721,0.042644071,-0.283769035,-0.021897891
1,1.216210464,0.045948327,-0.102509806,-0.063344145
1,0.710173464,-0.012430927,-0.032787691,-0.203354016
1,0.195286774,0.000346426,0.000906996,-0.166163835
1,0.631778244,-0.016948814,-0.083098964,-0.201075493
1,1.929421824,0.031642012,-0.085734759,-0.141375061
1,2.040326027,0.071870236,-0.09554751,-0.191447069
1,1.359776723,0.029133319,-0.041280263,-0.112531492
1,1.366351246,0.007687678,-0.175688303,-0.120941851
1,0.990655282,0.015969688,-0.117797899,-0.156827273
1,1.224676465,0.021510871,-0.141018397,-0.167027039
1,0.936086415,-0.00599819,-0.174101876,-0.150568142
1,0.812167842,-0.006892512,-0.165750348,-0.15545252
1,1.022907937,-0.009729638,-0.129173054,-0.173166942
1,0.192911326,0.020806074,-0.003955537,-0.146384557
1,234581770,1.411102664,-165874358.8,165874361.7
1,255832320.2,2.129619281,-180900775.9,180900761
1,255832314.1,3.214698818,-180900770.1,180900758.2
1,255832311.5,2.663126526,-180900768,180900756.6
1,255832310.4,2.133532835,-180900769,180900754.1
1,255832311.1,1.805602553,-180900768,180900756.1
1,255832321.7,0.703416693,-180900772.1,180900766.9
1,255832329,1.915785534,-180900782.1,180900767.4
1,255832318.8,0.660911666,-180900769.8,180900765.1
1,255832319.7,-4.205530531,-180900768,180900768.2
1,255832319.5,-8.592363945,-180900768,180900768
1,255832319.5,-8.448535371,-180900768,180900768
1,255832315.1,-4.712124327,-180900768,180900761.7
1,255832309.1,1.357317506,-180900768,180900753.3
1,255832312.7,1.444398899,-180900767,180900759.3
1,255832319.8,0.729376383,-180900767.4,180900769
1,255832328.7,1.860750186,-180900780.9,180900768.1
1,255832313.5,-1.161294823,-180900768,180900759.4
1,255832312.1,1.069903588,-180900768,180900757.4
1,255832308.7,0.846668867,-180900768,180900752.6
1,255832310,0.789347005,-180900768,180900754.5
1,255832308.6,-0.854992125,-180900768,180900752.6
1,255832308.9,1.845107337,-180900768,180900752.9
1,255832323.5,0.435433664,-180900774.6,180900767
1,255832329.5,2.065955785,-180900782.5,180900767.6
1,255832328.4,1.450184322,-180900776.8,180900771.7
1,255832319.8,1.822387678,-180900770.1,180900766.2
1,255832329.3,0.767512604,-180900774.6,180900775.2
1,255832328.8,1.083523828,-180900781.3,180900767.7
1,255832326.7,2.237762279,-180900778.1,180900768
1,255832329.1,-1.040790438,-180900778,180900771.5
1,255832327.8,1.761109255,-180900780.8,180900766.8
1,255832330.7,1.453118194,-180900783.7,180900768
1,255832329.1,1.028503123,-180900777.7,180900771.8
1,255832330.5,1.854308453,-180900783.5,180900767.9
1,255832330.8,1.581774215,-180900784,180900768
1,255832330.8,1.56186214,-180900783.9,180900768
1,255832325,-0.919420554,-180900777.8,180900765.9
1,255832330.5,1.998403752,-180900783.5,180900767.9
1,255832330.6,1.636946169,-180900783.7,180900767.9
1,255832330.7,1.496324514,-180900783.8,180900768
1,255832330.8,1.464921111,-180900784,180900768
1,255832329,0.690009256,-180900775.1,180900774.2
1,255832330.8,1.514605042,-180900783.9,180900768
1,255832330.4,1.426169966,-180900783.5,180900767.8
1,255832330.1,1.823104961,-180900783.2,180900767.8
1,255832329.8,0.812415957,-180900773.7,180900776.8
1,255832329.7,0.359022037,-180900781.3,180900769
1,255832328,1.637215633,-180900781,180900766.9
1,4902990,-0.385486824,-3466931.663,3466929.462
1,10.61793755,-0.551263073,-1.416542117,-0.797451954
1,4.666661969,0.0106098,-0.51155602,-0.275902365
1,9.419106689,-0.366248868,-1.15143399,-0.794250987
1,106984429.7,0.662537425,-75649418.86,75649412.1
1,255832323.4,1.330859118,-180900778.4,180900763.1
1,255832330.6,-1.449182883,-180900768,180900783.7
1,255832330.9,-1.495054086,-180900768,180900784
1,255832330.9,-1.463059728,-180900768,180900784
1,255832330.9,-1.43343438,-180900768,180900784
1,222839831.9,0.013253073,-157571550.7,157571561.7
1,0.814120884,0.004900542,-0.172685821,-0.190428348
1,0.711294049,0.022545297,-0.022483334,-0.119412968
1,0.549064992,0.023799505,-0.031365964,-0.170038796
1,110666752.4,1.215009717,-78253214.29,78253207.33
1,255832308.4,3.4931664,-180900768,180900752.2
1,255832308.5,2.181953749,-180900768,180900752.3
1,255832308.3,1.544115738,-180900768,180900752.1
1,255832308.3,2.103671859,-180900768,180900752.1
1,147701754.7,1.323825459,-104440916.4,104440908.1
1,1.537110252,0.045162168,-0.185960032,-0.159673909
1,1.905114858,-0.017757125,-0.193019294,-0.151796076
1,9.002798049,-0.007862349,-1.102723516,-0.554573402
1,10.15865945,-0.183662609,-1.330345808,-0.769077973
1,11.01178172,-0.393101918,-1.590703708,-0.801290711
1,10.2972193,0.033529133,-1.402440979,-0.693243946
1,10.56154459,-0.187149991,-1.461254157,-0.508333207
1,1.328233083,0.101965506,-0.149704651,-0.056570029
1,1.074484557,-0.045024772,-0.199441505,-0.21126873
1,1.763997145,-0.039164822,-0.277779073,-0.121545424
1,10.50391734,-0.14497262,-1.3471622,-0.541403727
1,10.79521603,-0.389552032,-1.495320338,-0.628599723
1,3.113414747,0.048506398,-0.371805632,-0.212938884
1,0.875250462,0.019025764,-0.142327402,-0.083695806
1,1.375545789,-0.007015113,-0.176608371,-0.117662478
1,1.097120657,-0.058073438,-0.149550702,0.011148973
1,50062228.78,-0.051350198,-35399341.06,35399341.01
1,1.203037192,-0.013827948,-0.211514689,-0.132215995
1,0.777868259,-0.016669832,-0.126173225,-0.004582504
1,0.988336681,-0.056263773,-0.125960223,0.011246074
1,1.033493301,-0.124338167,-0.085077298,-0.005764388
1,4.766336491,-0.453767187,-0.24390905,0.018709088
1,8.800986429,-0.744566439,-0.294556053,-0.371825134
1,8.836735376,-0.739150907,-0.264519361,-0.135926804
1,1.166408319,-0.082745347,-0.108739072,-0.086110063
1,0.746362294,-0.001009115,-0.191752058,-0.125444955
1,0.796869441,0.025608394,-0.140316459,-0.077049544
1,1.464644064,-0.008512033,-0.225941444,-0.105902773
1,0.479387238,-0.071672779,-0.020277721,-0.197406726
1,0.95498768,-0.072510513,-0.148070339,-0.174269428
1,1.143197602,-0.025376716,-0.122896721,-0.183009183
1,0.479066236,0.004159381,-0.135646297,-0.17974462
1,0.968020101,0.00993623,-0.055486568,-0.084701159
1,0.912504641,0.065797514,0.037839278,0.010441829
1,1.420660271,0.027856289,-0.00760235,-0.006260195
1,0.894486045,-0.265593301,0.090435994,-0.197836652
1,0.384467605,0.02529608,-0.029176058,-0.034983553
1,1.372635439,0.059569183,-0.114224003,-0.072597651
1,0.809311622,-0.072036438,-0.048350023,-0.023919836
1,1.863216994,-0.060917881,-0.293195517,-0.149946605
1,0.913588208,0.046183256,-0.141545892,0.006803836
1,3.271076358,0.045032941,-0.399294416,-0.041998397
1,11.32359227,-0.607796818,-1.537715628,-0.397175725
1,11.27619153,-0.6439772,-1.553855044,-0.600197484
1,10.96991918,-0.326174152,-1.43762894,-0.829919052
1,11.66251577,-0.745427376,-1.620427798,-0.718399062
1,7.123628725,-0.382649406,-1.016180471,-0.58666985
1,1.391242588,0.089020577,-0.1805304,-0.16528438
1,1.101606539,-0.003399133,-0.13390568,-0.199946998
1,1.388285571,0.011701301,-0.198445155,-0.213944321
1,0.627410409,-0.012556391,-0.058208334,-0.225877609
1,18365795.97,-0.000162914,-12986579.05,12986577.77
1,255832315.8,-2.037380572,-180900768.1,180900762.7
1,255832310.6,-4.892267498,-180900768,180900755.3
1,255832327.4,-0.593213971,-180900768,180900779.1
1,255832327.9,0.590433805,-180900768,180900779.8
1,255832319.8,-7.363105329,-180900768.3,180900767.9
1,255832319.1,-6.820488515,-180900768.3,180900767.1
1,255832317.5,-4.699409764,-180900768.2,180900764.9
1,255832317.3,1.160662019,-180900768,180900764.8
1,255832309.7,3.047691457,-180900768,180900754
1,255832316.4,0.648577563,-180900767.2,180900764.2
1,255832311.4,1.248834458,-180900768,180900756.4
1,255832310.6,1.629746174,-180900768,180900755.3
1,255832317.6,0.966464738,-180900772.9,180900760.4
1,255832329,1.284116667,-180900768,180900781.3
1,255832329,1.177001135,-180900775,180900774.4
1,255832326.3,1.017913226,-180900773.9,180900771.6
1,255832326.7,-2.046974068,-180900767.9,180900778.1
1,255832325.2,0.836771561,-180900771.3,180900772.8
1,255832329.2,1.401516302,-180900782.1,180900767.6
0,255832328.7,1.25019961,-180900768,180900781
0,255832325,-1.733782385,-180900768.7,180900775
0,255832324.3,-1.604114807,-180900773.1,180900769.7
0,255832329.1,1.136986255,-180900775.6,180900773.9
0,255832330.2,-0.94406243,-180900783.3,180900767.8
0,255832321.9,2.265179145,-180900772.5,180900766.8
0,255832326.2,1.199941412,-180900779.4,180900766
0,255832326.2,-0.753279042,-180900777.5,180900767.9
0,136341216.7,-0.575736717,-96407797.54,96407799.5
0,0.682412208,-0.021784982,-0.140054642,-0.204107062
0,0.959533186,0.018653607,-0.121506409,-0.229390769
0,1.036720478,-0.138172169,-0.010638113,-0.115236723
0,1.01768275,-0.114890867,-0.007530624,-0.03573631
0,0.564691565,-0.062869547,0.008456549,-0.135524266
0,0.810715299,-0.008439274,-0.118544534,-0.140379887
0,0.665695699,-0.032843925,-0.135417347,-0.148874731
0,0.923892886,-0.04886358,-0.069274019,-0.133749679
0,1.342228408,0.042614952,-0.079879158,-0.191629084
0,0.786671587,0.001995662,-0.092845088,-0.116303638
0,1.171864526,-0.022344591,-0.064292174,-0.066626991
0,1.069806788,-0.038845646,-0.037270609,-0.126122873
0,1.040694594,0.030633498,-0.062954486,-0.167252919
0,0.994806875,-0.049693551,-0.060024427,-0.181412107
0,1.146413577,-0.098928983,-0.038487502,-0.165500213
0,1.969109944,-0.143664385,-0.07258256,-0.130040093
0,1.582110952,-0.113534625,-0.112904814,-0.081983455
0,0.41677584,-0.113034079,-0.091737143,-0.105153045
0,1.479682303,0.002457415,-0.197121245,-0.167148207
0,0.592810037,-0.018719923,0.018312633,-0.156094009
0,0.953739293,-0.099715183,0.011267773,-0.137301833
0,0.477985866,-0.123414379,0.01041726,-0.096687234
0,0.366806157,-0.087915743,0.031215567,-0.151028039
0,0.94656971,-0.033501502,0.025500221,-0.159814723
0,0.858477869,-0.021717684,-0.15536201,-0.160842707
0,1.505486623,-0.125113195,-0.151057982,-0.071350098
0,1.059089566,-0.006683651,-0.125847123,-0.131109737
0,0.65846787,-0.015411223,-0.131935271,-0.151110217
0,0.38386581,-0.094977338,-0.114676564,-0.13198691
0,0.818503499,-0.015493651,-0.077822329,-0.167756934
0,0.442050836,-0.008989463,-0.067313775,-0.200670684
0,1.2352178,0.024527475,-0.217925492,-0.131128298
0,3.125640283,-0.061843615,-0.388669574,-0.181296907
0,1.703992639,0.058505202,-0.195869893,-0.150759431
0,7.439348037,-0.099226556,-0.837534863,-0.648487158
0,7.53647186,-0.151405744,-0.89365868,-0.649193424
0,5.001630522,-0.00020854,-0.471592878,-0.082982509
0,5.838967396,-0.050177818,-0.608692107,-0.336055532
0,9.782894819,-0.146471942,-1.235750475,-0.763869679
0,4.756718728,-0.069088424,-0.629871467,-0.260372133
0,1.870481174,-0.001233575,-0.194186735,-0.028619871
0,1.197811619,-0.077301713,-0.178762305,-0.020325545
0,0.979085853,0.067083601,-0.253024468,-0.068969724
0,224104491.7,1.577565057,-158465803.2,158465808.2
0,255832330.1,1.554679316,-180900779,180900771.8
0,255832330.3,1.284450511,-180900780.8,180900770.3
0,255832327.5,0.957332201,-180900770.8,180900776.5
0,255832330.8,1.231642426,-180900783.9,180900768
0,255832330.8,1.40204884,-180900784,180900768
0,255832327.7,1.479381632,-180900771.2,180900776.3
0,255832330.9,0.941299758,-180900784,180900768
0,255832327.6,1.655422198,-180900780.9,180900766.5
0,255832327,-4.259250892,-180900777.8,180900768.7
0,255832330.2,-0.851562296,-180900783.1,180900767.9
0,255832330.2,0.895941271,-180900781.3,180900769.8
0,255832328.8,-0.900929533,-180900779.9,180900769.2
0,255832330.5,0.255278011,-180900783.6,180900767.9
0,255832326.6,0.682512068,-180900774.1,180900771.8
0,66044187,0.398785333,-46700291.06,46700292.78
0,1.360360297,0.004578723,-0.166597022,-0.169235595
0,51796520.73,0.726164011,-36625671.2,36625668.08
0,255832315.1,1.352060064,-180900764.8,180900764.9
0,255832321,1.998183337,-180900775.3,180900762.7
0,255832321.9,1.138048963,-180900774.2,180900765.2
0,255832321.1,-2.824263971,-180900768,180900770.1
0,255832313.2,-5.970493316,-180900768,180900759.1
0,255832319.5,-8.201481558,-180900768,180900768
0,255832328.8,1.378676961,-180900768,180900781.1
0,255832319.5,-8.757021448,-180900768,180900767.9
0,255832319.5,-9.332506198,-180900768,180900768
0,255832319.5,-9.236987351,-180900768,180900767.9
0,255832319.5,-8.230881185,-180900768,180900768
0,255832309.5,-1.6625718,-180900768,180900753.8
0,255832309.2,-0.245181604,-180900768,180900753.4
0,255832316.9,-4.322836981,-180900768,180900764.2
0,255832312.4,-1.843877576,-180900768,180900757.9
0,255832308.5,0.881786201,-180900768,180900752.4
0,255832311.2,0.753550113,-180900768,180900756.2
0,255832319.5,0.472591444,-180900768,180900767.9
0,255832319.4,-6.861493336,-180900768.1,180900767.7
0,255832318.8,-8.347827004,-180900768,180900766.9
0,255832308.4,-1.38394981,-180900768,180900752.2
0,255832324.7,-1.993846837,-180900768,180900775.3
0,255832319.2,-6.943352635,-180900768,180900767.5
0,255832318.3,-5.68835012,-180900768.1,180900766.2
0,255832312.9,-4.182274514,-180900768,180900758.5
0,133938225.6,-0.286145985,-94708626.91,94708627.88
0,255832321.7,-3.34640002,-180900770.9,180900768.1
0,255832312.5,2.889492854,-180900770.4,180900755.6
0,255832309.4,2.025242768,-180900768,180900753.6
0,255832310,3.347801185,-180900768,180900754.5
0,255832310.5,3.497891671,-180900768,180900755.3
0,255832327.8,1.574816213,-180900780,180900767.6
0,255832330.4,1.976170174,-180900783.5,180900767.8
0,255832330.4,1.770456292,-180900783.6,180900767.9
0,255832330.2,0.719396674,-180900778.7,180900772.3
0,255832330.8,1.195394757,-180900783.9,180900768
0,255832330.9,0.847145729,-180900784,180900768
0,255832330.7,1.313112555,-180900783.9,180900768
0,255832326.9,1.807476665,-180900780.1,180900766.4
0,255832325.9,2.238639054,-180900779,180900766
0,255832325.8,2.270899617,-180900778.9,180900765.9
0,255832323.1,2.221101535,-180900776.9,180900764.1
0,255832308.4,2.079456466,-180900768,180900752.2
0,255832308.2,1.774720883,-180900768,180900752
0,255832309.7,2.132350395,-180900768,180900754.1
0,255832312.3,-1.441643482,-180900767.9,180900757.8
0,255832310.9,-1.631304878,-180900769.8,180900754
0,255832321.2,0.784144691,-180900768,180900770.4
0,255832309.9,1.414501235,-180900768,180900754.3
0,255832308.4,2.203877193,-180900768,180900752.2
0,255832310.1,2.104157165,-180900768,180900754.6
0,255832320.9,0.835811131,-180900768,180900769.9
0,255832308.3,-0.122084787,-180900768,180900752.1
0,255832309.8,1.440768816,-180900768,180900754.3
0,255832327.4,0.800278273,-180900768,180900779.1
0,23143186.99,0.05334738,-16364703.65,16364704.42
0,150708991.2,1.664884749,-106567353.1,106567345.9
0,255832309.5,2.842653075,-180900768,180900753.9
0,255832310,2.913625806,-180900768,180900754.5
0,255832313.7,1.315091698,-180900768.1,180900759.7
0,255832309.1,-3.327580491,-180900768.1,180900753.1
0,255832310,-4.120545065,-180900768,180900754.5
0,255832312.3,-4.654609193,-180900768,180900757.7
0,255832311.3,-4.860621143,-180900768,180900756.3
0,255832310.5,-4.821803495,-180900768,180900755.3
0,255832314.7,-4.927967517,-180900768,180900761.2
0,255832313.2,-4.938975219,-180900768,180900759.1
0,255832316.5,-5.088361058,-180900768,180900763.7
0,255832319.3,-6.319695031,-180900769.1,180900766.5
0,255832319.6,-6.035230838,-180900768.3,180900767.8
0,255832320.5,-5.953904665,-180900769.4,180900767.9
0,255832319.7,-6.365763332,-180900768.5,180900767.7
0,255832319.3,-6.891633613,-180900768.1,180900767.6
0,255832319.9,-5.829266682,-180900768.7,180900767.8
0,255832321.3,-5.867543321,-180900771,180900767.5
0,255832328.7,-0.28491027,-180900768.1,180900780.8
0,255832319.3,-3.919263318,-180900768,180900767.6
0,255832319.5,-4.362540737,-180900768,180900768
0,255832319.5,-6.749173455,-180900768,180900768
0,255832314.7,-3.173289128,-180900768.1,180900761.1
0,255832314.1,1.315102288,-180900768,180900760.3
0,255832321.3,2.169416622,-180900776.4,180900762.1
0,255832325.2,1.57067682,-180900776.2,180900767.8
0,255832330,1.520684555,-180900777.6,180900773.2
0,255832326.4,1.398048491,-180900774.6,180900771.1
0,255832325.5,1.400111552,-180900778.2,180900766.2
0,255832328,0.441773919,-180900777.3,180900770.7
0,30062197.03,0.211808485,-21257182.36,21257183.01
0,2.942247317,0.003291791,-0.326841442,-0.068483109
0,0.868073123,0.040531386,-0.039892435,-0.163444425
0,1.145167102,0.052148329,-0.05879877,-0.197493024
0,1.205018831,0.063152785,-0.087982209,-0.151450976
0,0.675626057,0.083347847,-0.062890319,-0.219410726
0,0.837797464,0.059069244,-0.08396662,-0.224523362
0,3.379655452,0.094639546,-0.366788027,0.240377551
0,9.836718051,0.196536751,-1.229363696,1.617224886
0,6.336055003,-0.042253697,-0.863125047,0.369060116
0,3.726873667,-0.043273539,-0.398758733,-0.360745915
0,3.412325495,-0.148584197,-0.065286401,0.056177668
0,3.364941894,-0.054273132,-0.254921685,-0.042201592
0,0.395755036,0.017201967,-0.009096908,-0.216961252
0,0.221740268,0.002103933,0.005159142,-0.204085268
0,0.218873933,0.003092486,0.003961338,-0.200876313
0,0.211616633,0.001418449,0.006542476,-0.193908317
0,0.221063628,0.002547021,0.002429509,-0.203200066
0,0.215016774,0.002645699,0.005097594,-0.197227817
0,0.216496124,0.005849266,-0.003188473,-0.198117777
0,0.208884341,0.009535278,-0.002151685,-0.189228737
0,0.206319671,0.010307221,0.002118303,-0.18748245
0,0.211650753,0.004518595,-0.00028537,-0.193515188
0,0.207970692,0.004122215,0.003360986,-0.188401229
0,0.208719023,0.008558364,-0.002909219,-0.188691127
0,0.207807563,0.003558417,0.001473902,-0.188520407
0,0.21353005,0.003140755,-0.001632933,-0.195479338
0,0.663706772,-0.095711348,-0.054947365,-0.087959973
0,0.713630963,-0.135919432,-0.067520107,-0.025229644
1,0.008737408,-0.000101091,0.00243542,0.001226031
1,0.04580662,0.001019585,0.010878528,-0.009187964
1,0.127209713,-0.011824158,0.01358768,-0.002475444
1,0.247159174,0.000642123,0.041985228,-0.018087401
1,0.338326719,-0.007041756,0.039971004,-0.018674624
1,0.271551675,-0.005634134,0.045313704,-0.024732651
1,0.198374624,0.022794167,0.019093112,-0.014761995
1,0.075006811,0.000751702,0.004239027,-0.002909417
1,0.363414587,-0.039955655,0.020813673,-0.040828601
1,0.690632013,-0.213740873,-0.140082937,-0.094145405
1,0.102833712,-0.004667495,0.014054656,-0.014253132
1,0.005049178,-0.000192774,-0.000317293,-0.004788283
1,0.004497698,-0.000170077,-0.000271998,-0.004227187
1,0.004225119,-0.000155795,-0.000262685,-0.003939549
1,0.004182523,-0.000141971,-0.000242535,-0.003906766
1,0.004018764,-0.000138831,-0.000248163,-0.003726827
1,0.008590676,-0.00015261,-0.000372109,-0.003617474
1,0.004798474,5.42E-05,5.20E-06,-0.004088237
1,0.004551262,5.66E-05,1.15E-05,-0.004026534
1,0.003997248,8.08E-05,1.45E-05,-0.003767265
1,0.004178464,5.10E-05,1.70E-05,-0.003609228
1,0.00452695,2.55E-05,-9.43E-06,-0.003617115
1,0.146105048,-0.018972174,0.024849977,0.00350595
1,0.049961934,0.002304659,0.003939068,-0.001800717
1,0.078120795,0.001408671,0.007909967,-0.003355433
1,0.102766165,-0.001786782,0.008060514,-0.003178471
1,0.149661212,-0.004024285,0.014492566,-0.008448904
1,0.193242232,-0.00994714,0.010644217,-0.001818643
1,0.101680466,0.001056003,0.009254395,-0.002561328
1,0.087963524,3.10E-05,0.007733069,-0.00026643
1,0.077354142,-0.001736675,0.007610422,-0.002113346
1,0.211769162,-0.00874453,0.014015324,-0.010150146
1,0.306336959,0.005143693,0.024900042,-0.023506433
1,0.723526286,-0.124291522,0.136217164,-0.209135561
1,1.230757925,0.010871074,0.1519585,-0.115226629
1,0.39731792,-0.019842186,0.057747545,-0.04822265
1,0.187304258,-0.012146024,0.03360574,-0.006797999
1,0.050461365,-0.003230366,0.01046256,-0.004067091
1,0.080229273,-0.0056,0.008618108,-0.009697703
1,0.055039224,-0.005034834,0.0059564,-0.004344095
1,0.152414692,0.010809043,0.011280472,-0.015411633
1,0.205329924,0.010679119,0.016876425,-0.015396137
1,0.027370593,0.002356683,0.00260614,-0.000216458
1,0.144684977,0.009380058,0.007441324,-0.010124327
1,0.113055077,0.015039424,0.005689184,-0.001079244
1,0.067717171,0.002279611,0.005776499,-0.000904846
1,0.10319788,-0.000553864,0.006044946,-0.000292627
1,0.092534925,0.003187636,0.006087343,-0.003215497
1,0.095596352,0.004104863,0.006555771,-0.003585848
1,0.143228259,0.000749519,0.015869674,-0.009023483
1,0.819546925,-0.256271712,0.168382944,-0.037387933
1,0.075652456,0.001162741,0.007393372,-0.005122815
1,0.074754749,-0.00255348,0.003444117,-0.001245977
1,0.689660711,-0.248593109,0.055832303,-0.081569305
1,0.472225236,-0.157699144,-0.012750532,-0.109437064
1,0.064442467,0.001698558,0.007038474,-0.006215758
1,0.09763336,0.004999896,0.008121672,-0.003632497
1,0.07054121,0.000732143,0.001401441,-0.007628864
1,0.036744541,-0.000709499,0.002306221,-0.004113215
1,0.046818821,0.001240664,0.001472953,-0.002790476
1,0.020783457,0.000620368,0.002159996,-0.002849572
1,0.037195574,-9.43E-05,0.001547405,-0.010355756
1,0.032375958,-0.001399225,0.003057634,-0.004010073
1,0.014535016,0.000418288,0.000775198,-0.013530209
1,0.030492448,-0.002730207,0.001339377,-0.008872091
1,0.037911948,-0.000658495,0.001953166,-0.005049342
1,0.038123938,0.001331369,0.002408715,3.30E-05
1,0.01929077,0.000335784,0.000472467,-0.006274055
1,0.014593441,6.34E-05,-2.44E-05,-0.012216722
1,0.017697502,-0.000139591,-0.000287739,-0.012195658
0,0.225827496,-0.0268228,0.084051317,0.018736416
0,0.00772408,2.10E-05,-2.06E-05,0.007335936
0,0.114935891,0.00507186,0.012337488,0.003972535
0,0.058139409,0.002522111,0.007046308,0.005833229
0,0.016146858,8.82E-05,0.003438543,0.003657304
0,0.010765498,0.000106469,0.003003297,0.003517717
0,0.069815456,0.00205672,0.00759543,0.004051815
1,0.088285765,-0.006747043,0.016815243,0.004494744
1,0.053430437,-0.001966291,0.00523398,0.004935816
1,0.020940679,-0.000115933,0.001095078,0.007386736
1,0.008719047,-0.000161298,-0.000431609,0.007818193
1,0.008794549,-0.000141477,-0.000397329,0.007752744
1,0.008925715,-0.000129606,-0.000358231,0.007829209
1,0.007868314,-0.000162111,-0.000368621,0.00779059
1,0.009185639,-0.000156809,-0.000376642,0.007914974
1,0.008091612,-0.000171166,-0.000340121,0.007784623
1,0.007602977,-0.000198748,-0.000330357,0.007468642
1,0.007471741,-0.000187127,-0.000343334,0.007388358
1,0.008014389,-0.000161319,-0.000350177,0.007587169
1,0.008352806,-0.000220672,-0.000331414,0.007733271
1,0.030993143,0.000399854,0.002540163,0.004228729
1,0.014691333,0.000353495,-9.76E-06,0.007768016
1,0.00950739,-0.000485708,0.000105216,0.009394325
1,0.009621582,-0.000487338,0.000119587,0.009576012
1,0.020963067,-0.000874119,0.003498165,0.009068863
1,0.055294022,-0.001148623,0.008577316,0.002976836
1,0.074393479,0.000307535,0.011173388,-0.000774661
1,0.00610212,0.000421698,6.93E-05,0.005841477
1,0.038936146,-0.000774205,0.004718351,0.001249318
1,0.67957943,-0.5699,-0.128844595,-0.173358108
1,0.172295221,0.002992272,0.01400545,0.004947441
1,0.076020623,-0.002870603,0.001102399,0.002247256
1,0.106146995,0.002937041,0.004026377,0.004871682
1,0.188910947,0.005425391,0.005001794,0.012459775
1,0.184671011,0.010684373,0.012747653,0.003127728
1,0.066919579,0.002870192,0.001590572,0.002403671
1,0.064198799,7.83E-05,0.002640997,0.000512664
1,0.144844773,0.01285866,0.006858535,0.007191653
1,0.103446884,0.002427853,0.016571375,0.001031296
1,0.104716926,-0.004558836,0.011228625,0.00475387
1,0.07401834,-0.006042824,0.006895682,0.003121882
1,0.258126545,0.028530524,-0.001053057,0.013680284
1,0.137345515,0.017748873,0.005543865,-0.00074591
1,0.048129532,-0.001742917,-0.000730899,0.002004507
1,0.04845315,0.001476836,-0.00313919,0.002298331
1,0.051700237,0.000508031,-0.000365081,0.000405131
1,0.034449039,0.001132568,-0.00096981,0.001949593
1,0.007812396,7.47E-05,3.10E-05,0.005666653
1,0.009621319,3.56E-05,6.23E-05,0.005883121
1,0.00934585,7.73E-05,-3.03E-05,0.00638437
1,0.015064839,0.000101522,0.000239812,0.006629051
1,0.011186286,5.85E-05,-0.000122992,0.00720265
1,0.00983943,0.000143471,3.38E-05,0.007028007
1,0.479532243,-0.009377816,0.008181279,-0.017232958
1,0.226840942,0.00019278,0.004174186,-0.007066465
1,0.119053857,-0.003335235,0.002801544,-0.003109463
1,0.131756661,0.006026963,0.007355334,0.003161916
1,0.068416006,-0.00150643,0.003865846,0.002569353
1,0.013557958,-0.006791489,-0.001392136,0.005903379
1,0.069230745,-0.00231642,0.009871834,0.004830002
1,0.038415316,-0.000898831,0.000527859,0.006745117
1,0.034601396,-0.000582725,0.000581974,0.002743751
1,0.029984161,-0.000603589,0.003083747,0.00628406
1,0.028193471,0.000476637,0.000487422,-0.00019806
1,0.031368023,-0.002242812,0.001884853,0.006857751
1,0.077781887,-0.004673482,-0.002002817,-0.004063155
1,0.076369073,0.001986811,0.004572496,0.003146348
1,0.029377277,-0.000311514,0.001002691,0.007066229
1,0.018459196,-0.001842103,-0.001906656,-0.000228354
1,0.058724486,-0.001398769,-0.000771557,0.003729549
1,0.198921804,0.011340872,0.008911955,-0.001534112
1,0.033193344,-0.002205739,0.002201544,0.003577796
1,0.064293455,-0.005695083,0.002107182,0.000922818
0,0.009347854,0.000140242,0.000572305,-0.005260641
0,0.03291179,-0.000248866,0.001337373,-0.006675397
0,0.142992352,-0.001873726,0.020789741,-0.011577856
0,0.043983088,0.000383593,0.002435521,-0.004837326
0,0.02227028,-1.65E-05,0.000828768,-0.001414796
0,0.002997549,0.000122801,4.21E-05,-0.002565277
0,0.002852868,9.90E-05,4.11E-05,-0.002365597
0,0.003001512,7.50E-05,2.20E-05,-0.00229208
0,0.002702247,0.000103418,6.58E-05,-0.002138474
0,0.003007284,0.000107686,-3.16E-05,-0.002260175
0,0.002820714,0.000170925,0.000131492,-0.001868153
0,0.002933211,4.63E-05,-8.39E-05,-0.002436924
0,0.037733906,0.000963568,0.001964631,-0.001946332
0,0.049788815,-3.37E-05,0.001313526,-0.001678366
0,0.00333951,-5.98E-05,-9.59E-05,-0.002899729
0,0.003450366,-4.06E-05,-7.57E-05,-0.002226053
0,0.002564313,-8.42E-06,2.58E-05,-0.001759983
0,0.003690328,-1.56E-05,-0.00011467,-0.001683038
0,0.004255939,-1.50E-05,-9.81E-05,-0.001629179
0,0.004456821,1.27E-06,-3.04E-05,-0.001591148
0,0.045463069,0.001551605,0.004058087,-0.001193664
0,0.129687569,0.005210335,0.009017733,-0.010282038
0,0.004936736,5.20E-05,-2.41E-05,-0.002006918
0,0.034515521,-0.000922276,0.002721545,-0.001602401
0,0.006174654,0.000288563,-0.000164875,-0.001779979
0,0.016402911,7.19E-06,0.002239842,-0.00366095
1,0.147621298,-0.005636348,0.019016569,2.27E-05
1,0.119475907,0.016421863,0.012482097,-0.001627991
1,0.019444784,0.000110108,0.003328574,-0.00317178
1,0.007260837,0.000165826,-0.000279996,-0.002430506
1,0.005751684,-3.02E-06,5.16E-05,-0.00179625
1,0.003853004,0.000219817,-0.00017612,-0.001593228
1,0.003355307,-3.06E-06,2.04E-06,-0.001381684
1,0.003708754,-6.07E-06,-1.83E-05,-0.001312297
1,0.004205339,-2.48E-05,3.62E-05,-0.001497555
0,0.179739047,0.014947652,0.019520589,-0.002230536
0,0.145014351,0.0178801,0.016282601,0.004082663
0,0.103196012,0.000773838,0.006306963,-0.002511987
0,0.089910902,-0.000921446,0.008032138,-0.00193243
0,0.197378392,-0.02147225,0.011811458,-0.007119729
0,0.100448042,-0.000327538,0.008783844,-0.005082718
0,0.13575504,0.001624885,0.008124489,-0.001609983
0,0.194356628,0.03651698,0.013248936,-0.003689424
0,0.189473518,-0.003358445,0.021453003,-0.011157506
0,0.092898904,-0.004627271,2.55E-05,0.003698708
0,0.075946763,-0.005471801,0.000786432,0.003612172
0,0.096515871,-0.003732187,0.001112112,0.003844424
0,0.395955603,-0.048028408,0.04334852,-0.036366653
0,0.094131543,-0.005566417,0.01211255,-0.000164415
0,0.029882963,0.000579579,0.002077745,-0.003124943
0,0.029015459,-0.000550678,0.001763248,-0.003241839
0,0.050703461,-0.003744299,0.005355785,-0.001741317
0,0.062045159,-0.000358795,0.005919904,-0.002694018
0,0.02297887,-0.000272274,0.002572045,-0.005490994
0,0.008502795,0.000122167,-3.68E-05,-0.004535937
0,0.009511744,0.000135835,-0.000129769,-0.003721117
0,0.008187481,7.43E-05,-3.46E-05,-0.003343706
0,0.009903644,0.000327511,-0.000183618,-0.003315965
1,0.01640493,3.90E-05,0.000178262,-0.002610317
1,0.006853456,0.000134771,3.29E-05,-0.003523333
1,0.005771784,6.29E-05,8.47E-05,-0.003430471
1,0.020525047,0.000687052,0.000990075,-0.00277329
1,0.05503983,0.000350052,0.002743796,-0.002210949
1,0.009120548,0.000231784,-3.67E-05,-0.004590267
1,0.007218113,0.000166201,3.38E-05,-0.00449104
1,0.013463079,-0.000152418,-0.000215444,-0.003935619
1,0.04448279,-0.001137307,0.001029596,-0.001825302
1,0.042129995,-0.000401147,0.001429227,-0.002631374
1,0.048378177,-0.000571655,0.005300834,-0.004116549
1,0.015383542,0.000909063,0.000676604,-0.00308275
1,0.038291572,0.001715551,0.002716156,-0.003949427
1,0.019209744,0.000389642,0.001123426,-0.002378366
1,0.049537186,-0.001720258,0.003634619,-0.002213818
1,0.126224473,0.015132604,0.008211591,-0.010051782
1,0.31681861,0.029602312,0.00451231,-0.004943241
1,0.432337946,0.056920509,0.001421363,0.035356711
1,0.393133602,0.000102564,0.054584931,-0.025605898
1,0.185809656,-0.003160838,0.017515215,-0.013251438
1,0.131685003,0.008309129,0.004742393,-0.000347916
1,0.10053338,0.001395771,-0.004890646,0.005021479
1,0.150819476,0.005029325,0.011819508,0.005190392
1,0.324080373,0.00388787,0.018858649,-0.013840246
1,0.282267328,-0.004242363,-0.000916108,0.010393082
1,0.302974745,0.001188078,0.012026365,-0.013953689
1,0.347473728,0.0062815,0.021492667,-0.011373792
1,0.365569536,-0.027926797,0.056654282,0.003591477
1,0.145710513,-0.007285795,0.005894034,-0.00248836
1,0.128961157,0.007446332,0.001286119,-0.002507816
1,0.103640644,0.000743173,0.004628747,-0.002944236
1,0.185502271,-0.000873187,0.016963958,-0.005394354
1,0.096855088,-0.000857414,0.007299771,-0.005453764
1,0.054762726,-0.002662226,0.002638628,-0.003106608
1,0.043036516,-0.000601639,-0.001380796,-0.003607494
1,0.074437394,0.000232853,0.006359893,-0.002596427
1,0.104433921,0.002367459,0.008437711,0.004475506
1,0.112193918,0.003875802,0.005408816,-0.002619404
1,0.076213337,0.001202418,0.001013363,-0.003507025
1,0.222862312,-0.019719583,0.018916354,-0.009665708
1,0.298908308,0.024916382,0.046408358,-0.015573489
1,0.203184347,0.007070398,0.0091468,-0.000510569
1,0.50619719,0.007313652,0.03081757,-0.02468391
1,0.34379716,-0.024690538,-0.01404679,0.027952168
1,0.320990189,-0.001719317,0.012091957,0.00072263
1,0.078721689,-0.005188597,0.004868355,-0.008243819
1,0.225390834,-0.012371253,0.015368626,-0.005910944
1,0.55680251,-0.03114891,0.08559201,-0.04520339
1,0.208036548,-0.019194028,0.028373226,-0.02237489
1,0.166157291,-0.009645903,0.009526155,-0.004270693
0,0.048721988,0.001868976,0.004941327,0.006457509
0,0.012788292,0.000808962,-0.000834598,-0.003293893
0,0.014675851,0.000805148,0.002129491,-0.004237849
0,0.042493279,-0.001877655,0.006636178,-0.00150313
0,0.066650489,-0.003440779,0.010445489,-0.003288477
0,0.022211491,-6.40E-05,0.003611028,-0.001354722
0,0.018932309,0.001040192,0.000216969,-0.004179946
0,0.012275212,-0.000407588,-0.001081676,-0.002105816
0,0.006211108,0.000201355,-0.000810319,-0.002152741
0,0.006762457,0.000214524,-0.001324234,-0.002360033
0,0.011004099,-0.000748645,-0.000150229,-0.002875594
0,0.011820552,3.53E-05,-0.000784469,-0.002299104
0,0.033489884,-4.70E-06,0.004461232,-0.001229415
0,0.012512753,-0.000722994,-0.000709214,-0.001342318
0,0.015118392,-0.000335653,0.000561513,-0.003490519
0,0.041507515,0.000559942,0.00339406,-0.004103647
0,0.009774823,0.000442589,-6.29E-05,-0.004414968
0,0.016919188,-0.00049264,0.000103795,-0.003765242
0,0.008249432,0.000671024,-9.01E-05,-0.001368689
0,0.004902191,0.001143271,-0.001471458,-0.003045583
0,0.005507353,0.000796269,-0.001482843,-0.003214259
0,0.094616922,0.002025573,0.001464527,-0.007451084
0,0.040909072,0.003746362,0.00636921,-0.003684365
0,0.076761086,0.006364339,0.00419381,-0.00168614
0,0.036141051,-0.001057104,0.00420175,-0.003331958
0,0.039879036,-0.000604544,0.003949271,-0.00227995
0,0.019727243,-0.000866458,0.004835001,-0.00324876
0,0.088811186,0.005672758,0.01080219,-0.002962683
0,0.024535354,-0.000715093,0.002568084,-0.00107857
0,0.004933758,3.67E-05,-0.000108271,-0.004663417
0,0.004483976,6.71E-05,-0.000118609,-0.004221161
0,0.032651026,0.001583507,0.007800714,0.000380649
0,0.185639843,0.006650417,0.015427222,-0.005085273
0,0.355115332,-0.008689887,0.004115033,0.010544558
0,0.350025869,0.002465995,-0.005791978,0.052003698
0,0.362927514,-0.007006878,0.04151502,0.030843487
0,0.244243858,0.040665381,0.010634974,-0.001287341
0,0.046837054,0.006007404,0.001452221,0.003581668
0,0.04738024,0.005486853,0.008667321,0.001725042
0,0.00449508,0.000722711,-0.000504818,0.00401879
0,0.004421639,0.000749698,-0.000526382,0.003960792
0,0.004434207,0.000777998,-0.000499103,0.003962753
0,0.023923607,0.002849843,0.001361939,0.003539503
0,0.002924009,-0.000213761,0.000155108,0.001282548
0,0.002177088,-0.000143274,0.000234015,0.001398665
0,0.045927422,0.003805029,0.004680134,0.000579341
0,0.017530211,0.000352837,0.000537443,0.002429599
0,0.052637394,0.000155607,0.003382522,0.003358175
0,0.052044045,0.00082548,0.005604942,0.001705171
0,0.045378889,0.000511292,0.002772908,0.00241196
0,0.027190353,-1.80E-05,0.002583,0.002677451
0,0.01641784,0.000118064,0.002423133,0.002064685
0,0.019920749,0.000336728,0.004061185,0.00058606
0,0.008560574,0.000914637,0.001213094,0.002112656
0,0.025612362,-0.000807158,0.003132012,0.001091861
0,0.016128059,-0.000527451,0.002858657,0.000648519
0,0.023343681,0.000133827,0.002776565,0.000527567
0,0.087466926,0.007894742,0.010309264,-0.007559003
0,0.002165478,0.000163261,-0.000127356,-0.000980108
0,0.001992339,0.000122929,-0.000108867,-0.000644669
0,0.001961639,0.000109116,-0.000120547,-0.000648477
0,0.02043997,0.003190259,0.001462495,0.001162182
0,0.031069053,0.005534926,0.004535573,0.000562299
0,0.067472056,0.004800104,0.004348812,0.001583215
0,0.077851037,0.006244556,0.008171506,-0.001340509
0,0.203670944,0.019567966,0.020111749,-0.01082176
0,0.383365564,0.036923717,0.048616041,-0.053354193
0,0.365455812,0.056737497,-0.022194327,-0.002960605
0,0.43673044,-0.050672191,-0.005556577,0.091005399
0,0.065359879,0.006244004,0.005295433,-0.001153368
0,0.056594223,0.00186602,0.010654151,-0.00355315
0,0.103739049,0.006748634,0.004900897,-0.012309322
0,0.068049292,0.009847195,0.005220083,-0.004600876
0,0.013484337,0.001273713,0.000545883,-0.000532812
0,0.057230305,0.004373634,0.002921214,0.001860993
0,0.027779515,-0.000600089,0.004258478,0.002988652
1,0.05294277,-0.002397163,0.003477305,0.004464681
1,0.095348998,0.005909879,0.010993066,0.003717105
1,0.032853487,0.000658043,0.003431087,0.000927269
1,0.076777801,-0.003518197,0.007497663,-0.003868447
1,0.07576465,0.004632123,0.004750104,-0.001534481
1,0.056178523,0.005685604,0.00263793,0.00195796
1,0.117387557,0.009049478,-0.00297596,-0.002729007
1,0.065125418,0.005598725,0.003757262,0.001186061
1,0.063799901,0.005215686,0.003846496,-0.000593346
1,0.086339171,0.003304192,0.009712555,0.002494745
1,0.151410655,0.013227159,0.024301168,0.000419942
1,0.201772831,0.027976371,0.026575975,-0.01792755
1,0.043711507,-0.00110676,0.003385103,0.001831629
1,0.071496236,0.00125849,0.007783166,0.003721819
1,0.081884396,0.003663705,0.0015903,0.004512119
0,0.140823623,0.010201148,0.006125746,-0.011100605
0,0.102399369,0.010806342,0.002037922,0.002516654
0,0.073590889,0.001588548,0.00561166,-0.000137359
0,0.05238238,0.003321052,0.003063488,0.002200668
0,0.141839296,-0.005317139,0.005867223,0.00463872
0,0.153479227,-0.0666,0.01552,0.10884
0,0.010857518,0.003083984,0.001006306,0.000668869
0,0.030065801,0.007223976,0.001384397,0.000870075
0,0.017892804,0.008380346,-0.001531337,8.92E-05
0,0.049101247,0.005346831,0.003108257,0.001600605
0,0.060212578,0.000949969,0.00930434,0.000881849
0,0.105451531,0.013470248,0.016975756,-0.004283977
0,0.05967773,0.002232895,-0.001857489,-0.001625094
0,0.052937322,0.003189028,0.002474134,0.004483605
0,0.031394801,0.000993994,-0.000594244,0.000796955
0,0.026964519,0.000194389,-0.000942741,0.002184481
0,0.064167538,0.001297831,-0.0007283,0.005540209
0,0.030502281,0.001209217,-0.002074194,0.003260369
0,0.192306453,0.018665616,0.016946897,0.001754605
0,0.037009821,-0.000509043,0.004286768,0.001032937
0,0.057380718,0.000195464,0.005231856,0.003128094
0,0.050222201,0.001168759,0.002392701,-0.00029316
0,0.062870341,0.005812018,-0.00022948,-0.000623701
0,0.074569914,-0.004253922,-0.000551564,0.000536003
0,0.463270434,0.03204126,0.017772132,0.103418043
0,0.648647664,-0.091762925,0.023785834,-0.02353044
0,0.529526113,-0.118737195,0.010546811,-0.092927479
0,0.447768767,0.043606786,0.044349478,-0.071126142
0,0.481797313,-0.004097642,0.0118203,0.018189693
0,0.574797776,0.090969545,-0.038784251,-0.018150188
0,0.172275986,-0.002722482,-0.006188822,-0.011955746
0,0.105523074,0.009035495,0.001403107,0.00824999
0,0.042935717,0.001744614,0.000946878,0.000704909
0,0.082663431,0.004512212,0.00773974,0.001916216
0,0.055513718,0.004464464,0.006277377,0.001952753
0,0.035930265,0.001286425,0.002192272,0.002478858
0,0.058734297,0.001509971,0.004669086,0.000965624
0,0.02763902,-0.000206423,0.001705547,0.001318644
0,0.023372053,0.000238702,0.001328187,0.001826142
0,0.024366678,0.000400167,0.001428562,0.002919987
0,0.053777193,-0.000637151,0.005015353,0.001071819
0,0.011894656,-0.000446651,0.000539787,0.0026541
0,0.005736789,-3.42E-05,2.17E-05,0.002117664
0,0.007213252,-3.78E-06,3.92E-05,0.002142991
0,0.0070544,5.04E-05,-5.36E-05,0.00195407
0,0.006043731,3.54E-05,-1.32E-05,0.00197344
0,0.006888046,-6.39E-05,-4.28E-06,0.001875177
0,0.051872256,4.38E-05,0.001914804,-6.00E-05
0,0.374661332,-0.004103463,0.039630663,-0.03479587
0,0.320227808,-0.010899437,0.050727952,-0.00205169
0,0.293183401,-0.033585002,0.031218982,0.001621589
0,0.234912736,-0.005543427,0.017458368,0.001536686
0,0.42334408,-0.075232853,0.043948675,0.020956439
0,0.206485458,-0.004399124,0.019564317,-0.005030073
0,0.041913212,0.004219458,0.005748509,-0.002930031
0,0.004110893,5.61E-05,0.00068586,0.003737894
0,0.020722707,0.006706778,0.001342815,0.00442755
0,0.005311244,0.001216865,-0.000301772,0.004905295
0,0.005336472,0.001205821,-0.000277905,0.004862404
0,0.005362296,0.001200959,-0.000265888,0.004831172
0,0.005174792,0.001157071,-0.000273571,0.004751898
0,0.018054543,0.00205518,0.001114258,0.003073595
0,0.011885383,0.000745375,0.001399593,0.000608435
0,0.007180841,8.10E-05,0.001375521,-0.000162531
0,0.01172661,0.000505947,0.000538815,0.000803589
0,0.008149583,0.000349812,-0.00042889,-0.000190655
0,0.00884154,0.000268184,-0.000545532,0.000100188
0,0.018723705,0.001209449,-0.000714184,-0.000458886
0,0.004419713,-1.88E-05,4.29E-05,0.001827117
0,0.004333914,5.40E-05,6.41E-05,0.001717046
0,0.004134815,1.95E-05,0.000120171,0.001607134
0,0.004162886,-2.81E-05,8.50E-05,0.00160755
0,0.004311501,-2.10E-05,9.28E-05,0.001567619
0,0.00438892,8.05E-06,8.84E-05,0.001426971
0,0.004419642,4.24E-05,0.000100897,0.001399395
0,0.00457664,-1.96E-06,0.000118068,0.001344544
0,0.004561071,3.95E-05,6.86E-05,0.001232763
0,0.004693163,2.51E-05,6.92E-05,0.001294367
0,0.004665792,1.13E-05,9.27E-05,0.001364782
0,0.00468208,2.05E-05,7.79E-05,0.001289153
0,0.004773705,2.49E-05,7.10E-05,0.001306322
0,0.022030421,0.001481001,0.002642544,0.000221814
0,0.01879961,-0.000192364,0.001535114,0.000676799
0,0.016561112,-0.000479224,0.00102912,0.000994556
0,0.01657556,-0.000673091,0.000889403,0.001537735
0,0.016631512,-0.000990947,0.000656112,0.001495974
0,0.016757395,-0.001102293,0.000546988,0.001890598
0,0.016834633,-0.001169629,0.00045096,0.001806946
0,0.016844122,-0.001285148,0.000368794,0.001816479
0,0.017017592,-0.001332979,0.000318127,0.001945703
0,0.016971176,-0.001472367,0.000174056,0.001828884
0,0.017091806,-0.001619099,6.49E-05,0.001897269
0,0.017156785,-0.001612888,-1.68E-05,0.002021564
0,0.017220592,-0.00169585,-9.52E-05,0.001969114
0,0.017249799,-0.001757927,-0.000164372,0.002175282
0,0.017323371,-0.001873264,-0.00025074,0.002128113
0,0.017327576,-0.001915927,-0.000281739,0.002090723
0,0.017397939,-0.001893014,-0.000378624,0.002409656
0,0.017278993,-0.001973404,-0.000404047,0.002352441
0,0.017308854,-0.002024901,-0.000484234,0.002300501
0,0.025363437,0.000460146,-0.000111679,0.00433074
0,0.016900047,-0.001225167,-0.000392389,0.004661906
0,0.016684241,-0.001281856,-0.000440334,0.004865839
0,0.016686316,-0.001278686,-0.000442899,0.004936976
0,0.016607777,-0.001313785,-0.000501314,0.004954974
0,0.016597194,-0.001352179,-0.000519896,0.004946236
0,0.016507936,-0.001349448,-0.000592954,0.004965082
0,0.016506023,-0.001372492,-0.000624734,0.005030115
0,0.016469642,-0.001443399,-0.000645735,0.004980104
0,0.016457066,-0.001495224,-0.000681356,0.004991554
0,0.016468853,-0.001497539,-0.000721293,0.004997414
0,0.016457122,-0.00155714,-0.000761351,0.004981739
0,0.01650491,-0.001413326,-0.000751804,0.005210094
0,0.016479055,-0.001388715,-0.000751001,0.005202003
0,0.01667384,-0.001451648,-0.000722028,0.00508592
0,0.016938125,-0.001416514,-0.000766576,0.005153837
0,0.016779286,-0.00146361,-0.000779179,0.005123614
0,0.016653929,-0.001495558,-0.000773994,0.005076788
0,0.016630354,-0.001471637,-0.000841627,0.005077039
0,0.024499585,-0.000904713,6.63E-05,0.00300805
0,0.018001669,-0.0023058,-0.00080943,0.002578239
0,0.017909208,-0.00230123,-0.000778382,0.002473963
0,0.021244188,-0.00197562,-0.000608676,0.003040021
0,0.019119463,-0.001932033,-0.00063024,0.002461835
0,0.018971545,-0.002020501,-0.000713556,0.002609072
0,0.018915392,-0.002100125,-0.000749197,0.002580792
0,0.018812791,-0.002062039,-0.000749364,0.002479737
0,0.018784187,-0.002074374,-0.000757423,0.002548353
0,0.018735103,-0.002145965,-0.00085245,0.002480647
0,0.018787012,-0.002208321,-0.000890907,0.002525193
0,0.018645639,-0.002174119,-0.000849281,0.002529135
0,0.018660639,-0.002206129,-0.000887492,0.002581593
0,0.018697749,-0.002244287,-0.000950959,0.002646414
0,0.018707388,-0.002280459,-0.000910136,0.002522628
0,0.01868537,-0.002248446,-0.00097439,0.002583128
0,0.018660349,-0.002226152,-0.000917769,0.002578978
0,0.018780179,-0.002275672,-0.000961789,0.002543798
0,0.018805259,-0.002328071,-0.001068342,0.002580417
0,0.018831752,-0.002396956,-0.001004254,0.002437823
0,0.018905188,-0.002355224,-0.001084505,0.002517226
0,0.018628837,-0.002376225,-0.00109024,0.00254707
0,0.018361099,-0.002311069,-0.000925266,0.002527267
0,0.018299168,-0.002361043,-0.001109656,0.00246903
0,0.018299247,-0.002360626,-0.00108269,0.002595349
0,0.018104276,-0.002309343,-0.001021877,0.002632701
0,0.018057958,-0.00231316,-0.001007216,0.002692367
0,0.017989195,-0.002308212,-0.001075219,0.002610025
0,0.017976673,-0.00232279,-0.001095017,0.002574312
0,0.018186778,-0.002357685,-0.001098665,0.002619166
0,0.018372209,-0.002341752,-0.001047696,0.002577873
0,0.018314848,-0.002366382,-0.001087633,0.00252146
0,0.018298067,-0.002383761,-0.001062351,0.00251503
0,0.018279381,-0.002403816,-0.001085589,0.002512492
0,0.018116834,-0.000167577,-4.09E-05,0.003479149
0,0.017995376,-0.00011844,3.45E-05,0.004299416
0,0.01794138,-7.12E-05,4.47E-05,0.00537622
0,0.017783927,-0.000156913,5.81E-05,0.005163525
0,0.017482956,-0.001132666,0.000996809,0.001765269
0,0.017577228,-0.001481539,0.000967939,0.001737359
0,0.017670472,-0.001638006,0.000788131,0.001888402
0,0.017929128,-0.001855474,0.000610636,0.00196513
0,0.01804602,-0.002031359,0.000398895,0.001991597
0,0.018022215,-0.002093661,0.000267139,0.002136635
0,0.01811865,-0.002134606,3.94E-05,0.002120547
0,0.018154879,-0.002006319,-9.94E-05,0.002287216
0,0.018099481,-0.002109656,-0.000105777,0.002255892
0,0.018126219,-0.002208255,-0.000173567,0.002237961
0,0.018034734,-0.002179871,-0.000261598,0.002420421
0,0.017982078,-0.002245297,-0.000325652,0.002361126
0,0.017940582,-0.002286215,-0.000370845,0.002355516
0,0.018033221,-0.002256225,-0.000431491,0.002369948
0,0.017906113,-0.002245528,-0.000454492,0.002354847
0,0.017921664,-0.002327216,-0.000491867,0.002432138
0,0.017918274,-0.002343691,-0.000527946,0.002481147
0,0.017955644,-0.002261418,-0.00047854,0.002536705
0,0.017286309,-0.00233268,-0.00056244,0.002353389
0,0.017687025,-0.002343923,-0.000637523,0.002466437
0,0.017772922,-0.002434842,-0.000631151,0.002402023
0,0.017850927,-0.00215635,-0.000543358,0.002421648
0,0.018028241,-0.002409364,-0.000662398,0.00238123
0,0.018037786,-0.002347821,-0.000643274,0.002446653
0,0.018025201,-0.002407129,-0.000737732,0.002367542
0,0.018000732,-0.002388279,-0.000662398,0.00248951
0,0.018061337,-0.002440221,-0.00076814,0.002465992
0,0.018079777,-0.002477331,-0.000803003,0.002467445
0,0.01806251,-0.002500641,-0.00080314,0.002391478
0,0.018006886,-0.002498594,-0.000780363,0.002375454
0,0.01797327,-0.002503504,-0.000822419,0.002438102
0,0.018046983,-0.002511157,-0.000835829,0.002339812
0,0.018005775,-0.002526966,-0.000859562,0.002478728
0,0.018003864,-0.002508196,-0.000870782,0.002537789
0,0.017871203,-0.00236288,-0.000740684,0.002509025
0,0.018045186,-0.002542523,-0.000861856,0.002368863
0,0.017992436,-0.002500834,-0.000874103,0.002528982
0,0.017990173,-0.002471011,-0.000871137,0.00261243
0,0.018056456,-0.0025117,-0.000877643,0.00262999
0,0.017975037,-0.002525349,-0.000849322,0.002441359
0,0.01803623,-0.002506778,-0.000896767,0.002439687
0,0.018041218,-0.002546924,-0.000913222,0.002520313
0,0.018079458,-0.002559174,-0.000918224,0.00245269
0,0.018135589,-0.0025556,-0.000899541,0.002476726
0,0.018083807,-0.002485658,-0.000897311,0.002543235
0,0.018039377,-0.002561043,-0.000881168,0.002439875
0,0.018003378,-0.002522732,-0.000919166,0.002561147
0,0.017985445,-0.002582002,-0.000931804,0.002554202
0,0.017915777,-0.002577523,-0.000937719,0.002620204
0,0.017797846,-0.002566187,-0.000956118,0.002567501
0,0.017772903,-0.002572388,-0.000954265,0.00249049
0,0.01776612,-0.002573556,-0.000957101,0.002495141
0,0.017779448,-0.002559028,-0.000993912,0.002468495
0,0.017732466,-0.002571387,-0.000900063,0.00246757
0,0.017605538,-0.002546103,-0.000980721,0.002582722
0,0.017466634,-0.002504755,-0.000909614,0.002492576
0,0.017514149,-0.002525172,-0.000951303,0.002437748
0,0.017515386,-0.002488761,-0.000943724,0.002546914
0,0.017603453,-0.00255195,-0.000976309,0.00246146
0,0.017658292,-0.002572566,-0.000979133,0.00239631
0,0.017651675,-0.002600083,-0.000958936,0.002432471
0,0.017767507,-0.002600125,-0.000983775,0.002474578
0,0.017755443,-0.002634244,-0.001000563,0.002433034
0,0.017710042,-0.002583587,-0.00099097,0.002487237
0,0.017692237,-0.002497874,-0.000953772,0.002583847
0,0.017480245,-0.002236413,-0.000731116,0.002615057
0,0.017723623,-0.002555662,-0.000880438,0.002474995
0,0.01775148,-0.00255736,-0.00088726,0.002466785
0,0.017656701,-0.002482982,-0.000860647,0.002463045
0,0.017602641,-0.002538983,-0.000899479,0.002428247
0,0.017550094,-0.002550532,-0.000930302,0.002392075
0,0.017528826,-0.002545538,-0.000958736,0.002467786
0,0.017550333,-0.002607216,-0.000981397,0.002451929
0,0.017493936,-0.002570407,-0.000969447,0.002453994
0,0.017450468,-0.002604524,-0.000971357,0.002394371
0,0.017505025,-0.002550845,-0.000977122,0.002502044
0,0.017425061,-0.002576184,-0.000981668,0.002404463
0,0.017428333,-0.002658528,-0.000983987,0.002329504
0,0.017239697,-0.002628717,-0.000967112,0.002430469
0,0.017192799,-0.002648301,-0.000951866,0.002333875
0,0.017519253,-0.002584672,-0.000940772,0.002458123
0,0.017796256,-0.002560417,-0.000987404,0.002557977
0,0.017990193,-0.002570344,-0.001002086,0.002472868
0,0.01792924,-0.002560079,-0.001007088,0.002614176
0,0.017922394,-0.002565854,-0.0010133,0.002612946
0,0.017916133,-0.002585881,-0.001038227,0.002525547
0,0.017960458,-0.002609552,-0.001036434,0.002507404
0,0.017958965,-0.002616639,-0.001044725,0.002418286
0,0.017924239,-0.002577623,-0.001021502,0.002414932
0,0.017859632,-0.002571378,-0.001020429,0.002395039
0,0.017952286,-0.002614974,-0.001017393,0.002369614
0,0.017874248,-0.002651095,-0.001029447,0.002272388
0,0.017886344,-0.002587427,-0.001023582,0.002384675
0,0.017909077,-0.002617477,-0.001044359,0.002458206
0,0.017689671,0.000787708,0.000390296,-0.002410074
0,0.095713252,-0.004625284,0.017033235,-0.000641926
0,0.11686583,0.000155938,-0.001578782,-0.012169629
0,0.269070023,-0.025514107,0.033570764,-0.014066944
0,0.448435636,-0.095347263,0.100914294,-0.009083698
0,0.444486122,-0.003083018,0.08362292,-0.05899705
0,0.455694191,-0.060246899,0.05279289,-0.021506127
0,0.327104735,-0.049387815,0.017302521,-0.002079272
0,0.346402405,-0.0093989,0.096332701,-0.049073748
0,0.263356207,-0.011238933,0.021272002,-0.027425653
0,0.019528069,0.000622042,-0.000946125,-0.001871418
0,0.009557845,-0.000133214,-0.001264084,-0.001948749
0,0.126678176,-0.033776471,-0.055635294,-0.009347059
0,0.099410789,-0.035078512,0.062595041,0.034747934
1,0.613666819,0.009890395,0.019199435,-0.573648023
1,0.076550024,-0.022416304,-0.031559783,0.041506522
1,0.262054473,0.07980625,0.092525,-0.01684375
1,0.107243202,-0.000233735,0.012224096,-0.012719277
1,0.071952234,0.000145028,0.001823251,-0.008530737
1,0.005165075,-0.000385768,0.000355299,-0.00231779
1,0.018035073,0.00286267,-0.000805371,-0.004081581
1,0.030123458,0.000302609,0.000398979,-0.003704461
1,0.023228971,0.000961748,0.000448392,-0.003383125
1,0.003343715,1.06E-05,0.000137051,-0.002017958
1,0.003086874,0.000209108,4.98E-05,-0.001924414
1,0.023240981,0.002641912,0.000421542,-0.002157483
1,0.28892193,-0.007310363,0.00405711,-0.035504614
1,0.103903419,-0.00050431,0.005761928,-0.007953346
1,0.108642384,0.002014291,0.01063656,-0.008160756
1,0.092785551,-0.001832325,0.006098866,-0.00372189
1,0.083829469,0.000841701,0.000575236,-0.001225747
1,0.07481629,0.002318702,0.008614377,0.002696438
1,0.412153166,0.012426057,-0.026176963,-0.052143227
1,0.348176442,-0.075790473,0.019341815,-0.006896975
1,0.226354977,-0.051104157,-0.001064437,-0.003561867
1,0.105054718,0.00024143,0.001028604,-0.009317026
1,0.147448024,-0.006494661,0.013718038,-0.011052381
1,0.110156336,-0.002593974,-0.010908564,-0.006925238
1,0.160985555,-0.010418543,-0.013720224,-0.009980728
1,0.175498038,0.038247283,-0.004972283,-0.004296377
0,0.087079617,0.004970662,-0.004603478,-0.005032212
0,0.089721001,0.0041569,-0.00298397,-0.004735879
0,0.127820549,0.011564964,-0.012387666,0.001005562
0,0.113529378,0.010033573,-0.003126125,-0.000828431
0,0.126125951,0.004083403,-0.006685974,-0.009422722
0,0.129653896,0.006061815,-0.007138904,-0.011510699
0,0.14088946,0.005055202,-0.016756451,-0.008836285
0,0.146476989,0.006729497,-0.01384,-0.004389274
0,0.099753995,0.012141198,0.00036453,0.000413085
0,0.088693368,0.010778382,-0.001459335,-0.002679176
0,0.061855794,0.005637859,-0.001870008,0.001429728
0,0.078528592,0.002971078,0.000150473,0.000488355
0,0.127685406,0.003479304,0.002581423,-0.009688006
0,0.07809065,0.004978147,0.000779773,0.001457996
0,0.079214972,0.005415722,-0.00070805,0.000488511
0,0.23076315,-0.003185342,0.028081262,0.011093691
0,0.32447015,0.012256451,0.078474045,-0.041368445
0,0.112732334,0.004460462,0.002415778,-0.006776958
0,0.064651352,0.006313107,0.001606472,-0.003878883
0,0.187305288,0.00216032,0.014499644,-0.029826157
0,0.031430208,0.005557322,-0.000519386,0.000796304
0,0.056320145,0.001512558,-0.001875149,-0.00358731
1,0.0299029,0.000353776,-0.000869411,-0.000648263
1,0.054193211,0.001374988,6.09E-05,-0.004469865
1,0.113350226,0.00302821,-0.005106835,-0.000357553
1,0.031385673,0.003869231,-0.002584615,-0.008942308
1,0.048438023,0.0024581,0.000933697,-0.007569159
1,0.109782295,-0.003577164,0.000385898,-0.008423214
1,0.079137904,0.002528229,0.009098236,-0.007531546
1,0.119247532,0.007201337,-0.000513038,-0.001855036
1,0.17549488,0.00518566,0.000808437,-0.01249546
1,0.175794842,0.007378752,0.015352023,-0.011675803
1,0.099441743,-0.002528231,0.002395767,-0.002314475
1,0.257058373,-0.021868812,-0.000431037,-0.010907759
1,0.138988784,0.004986644,0.000920772,-0.010297579
1,0.134678368,0.001216368,0.001469588,-0.017759419
1,0.184284823,0.001114334,0.005495008,-0.024713729
1,0.101635715,0.003633422,0.007143225,-0.008285693
1,0.089818479,-0.002111195,0.001301702,-0.009286384
1,0.111799028,0.004076097,0.001831165,-0.012403064
1,0.173562146,0.005903404,0.018427156,0.002583434
1,0.102781176,0.007663791,0.003139841,-0.009980477
1,0.104124395,0.007574367,0.003672098,-0.007700718
1,0.182522149,7.27E-05,0.004110624,-0.019091569
1,0.16047218,0.008342603,-0.005507643,-0.020167007
1,0.101980649,0.003221043,0.008228258,-0.01148606
1,0.189460155,0.00992,0.005276938,-0.01498707
0,0.062360188,0.000446425,0.00165123,-0.005450851
0,0.070443204,0.002571796,0.000813989,-0.006404045
0,0.054900158,0.004602231,-0.00086155,-0.001328242
0,0.089458382,0.002337013,0.000676597,-0.008291569
0,0.054991226,0.00047251,0.000883643,-0.000748845
0,0.121768105,0.002204045,0.003799471,-0.000572892
0,0.049099354,0.003417511,0.00277292,0.00191615
0,0.08779341,0.005285806,0.004657835,-0.002186904
0,0.153502028,-0.003183585,0.013290923,-0.011209342
0,0.104166939,-0.002195312,0.001408998,-0.009420605
0,0.278125632,-0.00858493,-0.003684627,-0.032390004
0,0.390496727,-0.049044251,0.040943608,-0.028959228
0,0.331345673,-0.039626372,0.018249565,-0.027156073
0,0.153264292,-0.001325265,0.006921861,-0.019831089
0,0.089236862,0.00640053,0.000308362,-0.005149489
0,0.100180594,0.002971342,0.001795123,-0.010022684
0,0.190218624,-0.005308696,0.016734669,-0.014185406
0,0.398289219,-0.032859235,0.005812869,-0.014499205
0,0.25192341,-0.010952327,0.020640446,-0.018555846
0,0.130549352,0.003628112,0.007398648,-0.009183357
0,0.127004548,-0.000347785,0.000831693,-0.011906513
0,0.066550773,-0.000772266,-0.004100568,-0.0089014
0,0.005365048,-2.87E-05,-0.000446445,-0.004934682
0,0.007226529,0.000247048,-0.000386752,-0.005202839
0,0.100207774,0.002440476,0.007128388,-0.011884066
0,0.133133925,0.000255556,0.012638849,-0.01712502
0,0.45528186,-0.025774669,-0.014965936,0.004447864
0,0.536921597,-0.057279667,-0.016679061,0.034536085
0,0.595756853,-0.105896711,-0.012360076,0.070533233
0,0.556919615,-0.022887325,0.01993829,-0.00396924
0,0.258850021,0.004042257,0.004064294,-0.020277281
0,0.047047261,0.002028528,-0.001174574,-0.002292773
0,0.032767723,-0.000523799,-6.26E-05,-0.000652894
0,0.038324874,0.000989788,-0.001019856,-0.001301626
0,0.01497962,-0.000136236,0.000329004,0.000670958
0,0.084252355,-0.002442738,0.003625189,-0.01154497
0,0.103101887,-0.000210128,0.003642328,-0.004043462
0,0.553946573,-0.074075208,-0.187658403,-0.073017335
0,0.585633646,-0.001443095,-0.047310291,0.021715891
0,0.630241373,-0.004170991,-0.099981203,0.03576997
0,0.685215854,0.02327552,-0.406577261,-0.031862543
0,0.272268582,-0.021623862,-0.008529932,-0.007558384
0,0.051629339,0.005745513,-0.000186179,-0.007051571
0,0.135900365,0.003245025,-0.009445365,-0.012161332
0,0.151538021,0.003897086,-0.00177941,-0.01629031
0,0.108240668,0.005985243,0.005575927,-0.007567354
0,0.023747557,-0.002127711,-0.005991566,-0.00213253
0,0.017755669,0.000988095,0.000807105,-0.003803401
0,0.003600767,0.000201701,0.000310208,-0.003238677
0,0.003664689,0.000201551,0.000310367,-0.003317669
0,0.003704705,0.000212405,0.000305371,-0.003376589
0,0.003767936,0.000211418,0.000326654,-0.00344397
0,0.003840607,0.000164207,0.000314264,-0.003527809
0,0.003886214,0.00022059,0.000336866,-0.003583232
0,0.00394448,0.0002073,0.000304349,-0.003625681
0,0.004060715,0.000198828,0.000321218,-0.003601778
0,0.004063751,0.000214459,0.000330961,-0.003776987
0,0.004101953,0.000200681,0.000320242,-0.003814907
0,0.004143893,0.000222315,0.000351626,-0.003860439
0,0.004233679,0.0002514,0.000373316,-0.003956472
0,0.004252984,0.000264359,0.000352592,-0.003856527
0,0.004141649,0.000215967,0.000306659,-0.003855467
0,0.004280387,0.000210178,0.000364434,-0.004018388
0,0.004315351,0.000214729,0.000360204,-0.004045627
0,0.004322258,0.000269731,0.000364434,-0.004061029
0,0.00434467,0.000247143,0.000349224,-0.004077828
0,0.004415229,0.000232627,0.00035897,-0.004154126
0,0.004447079,0.000197314,0.000388195,-0.004195081
0,0.004474563,0.000262755,0.000371196,-0.004214724
0,0.004492756,0.000223572,0.000362543,-0.004242527
0,0.004446137,0.000251779,0.000389023,-0.00419436
0,0.004445567,0.000261,0.000389625,-0.004175956
0,0.004493248,0.000257819,0.000367285,-0.004241234
0,0.004465894,0.000279075,0.000384117,-0.004217172
0,0.004513603,0.000233636,0.00035928,-0.004268485
0,0.004437251,0.000258425,0.000380841,-0.004184173
0,0.004527876,0.000219606,0.000336974,-0.004286727
0,0.003602117,0.000235555,0.000296214,-0.003259561
0,0.001930492,-6.58E-05,-1.20E-05,-0.000823214
0,0.00271901,-0.000192345,-0.000212179,0.002152112
0,0.003407611,-0.000211195,-0.000273012,0.003048624
0,0.00300979,6.31E-05,0.00011766,-0.000621887
0,0.003436678,0.000155917,0.000312401,-0.003089792
0,0.003637497,0.000202498,0.000290386,-0.003319001
0,0.003710305,0.000221331,0.000303631,-0.003411006
0,0.003859087,0.000218306,0.000334002,-0.00356146
0,0.003894951,0.000212831,0.000299129,-0.003608592
0,0.003925043,0.000211346,0.000352761,-0.003641755
0,0.004054635,0.000220983,0.000320643,-0.003776938
0,0.004118813,0.000236058,0.000348733,-0.003847522
0,0.004176169,0.000241522,0.000335163,-0.003904921
0,0.004152952,0.000229009,0.000368986,-0.003864107
0,0.004204981,0.000193757,0.000349868,-0.003923534
0,0.004211433,0.000222975,0.000354239,-0.003942051
0,0.004235153,0.000187287,0.000365683,-0.003972266
0,0.004221617,0.000258661,0.000388918,-0.003950113
0,0.004302729,0.000207949,0.000357494,-0.004043073
0,0.004353491,0.000242771,0.000378198,-0.004096631
0,0.004378734,0.000237306,0.000363602,-0.004126069
0,0.003823399,0.000201286,0.000292247,-0.003519478
0,0.004208441,0.000204089,0.000358803,-0.003938281
0,0.004272772,0.000220129,0.000353235,-0.003994514
0,0.004370367,0.000238691,0.000392663,-0.004109077
0,0.004347663,0.000235303,0.000367879,-0.004089848
0,0.004345801,0.000222474,0.000372531,-0.004086947
0,0.004299595,0.000238622,0.000361908,-0.004038205
0,0.004320685,0.000217941,0.000333649,-0.00405969
0,0.004420617,0.000281053,0.000359227,-0.004168208
0,0.00439098,0.000232197,0.000373674,-0.004133788
0,0.004364506,0.00024602,0.000362168,-0.00411232
0,0.004435424,0.000242305,0.000416907,-0.00417862
0,0.00436743,0.00025457,0.000343876,-0.004119909
0,0.004402703,0.0002174,0.00037445,-0.004144882
0,0.004386027,0.000225199,0.000348693,-0.004131034
0,0.00435771,0.000247309,0.000333434,-0.004072062
0,0.004422239,0.000235319,0.000341578,-0.004170675
0,0.004418123,0.000205383,0.00037373,-0.004132942
0,0.004442114,0.000235535,0.000366401,-0.004190585
0,0.02729647,-0.001702957,0.004120432,-0.003772669
0,0.005164538,-0.001127734,-0.000790844,-0.004470299
0,0.004951203,-0.001089209,-0.000774782,-0.004512836
0,0.005322208,-0.001071715,-0.00076134,-0.004552783
0,0.005073663,-0.001149015,-0.000793598,-0.00462572
0,0.005020503,-0.001116692,-0.000789516,-0.004591408
0,0.005023325,-0.00109856,-0.000817203,-0.00457859
0,0.005216231,-0.001181977,-0.000794434,-0.004651079
0,0.005085511,-0.001133674,-0.000819069,-0.00462849
0,0.005306967,-0.001130519,-0.000810678,-0.004746384
0,0.004865332,-0.001069277,-0.00075891,-0.004415323
0,0.004989733,-0.001095348,-0.000771936,-0.004539599
0,0.004870221,-0.001079417,-0.000804351,-0.004410178
0,0.005166933,-0.001179667,-0.000810451,-0.004724044
0,0.005320721,-0.00120821,-0.000875899,-0.004868369
0,0.005266552,-0.001140847,-0.000861346,-0.004828896
0,0.005266892,-0.001196214,-0.000839038,-0.004824801
0,0.00529701,-0.001197049,-0.000863526,-0.004846614
0,0.005105153,-0.001122966,-0.000815059,-0.004655656
0,0.005188547,-0.001144756,-0.000824309,-0.004753768
0,0.006348644,-0.001297542,-0.000987179,-0.004801513
0,0.005504555,-0.001200908,-0.000911237,-0.00506504
0,0.005500853,-0.001191979,-0.000919826,-0.005061748
0,0.005463181,-0.00117092,-0.000916055,-0.005032374
0,0.005401014,-0.001176362,-0.000878517,-0.004937292
0,0.006276422,-0.000962732,-0.000915361,-0.005038138
0,0.005313251,-0.000925057,-0.000793301,-0.004922067
0,0.005320668,-0.000982482,-0.000823799,-0.004911275
0,0.005310919,-0.000991525,-0.000791109,-0.004904427
0,0.005371062,-0.001016156,-0.000825085,-0.004942754
0,0.005364314,-0.001003976,-0.000794775,-0.004933359
0,0.005338774,-0.001007454,-0.000822361,-0.004893492
0,0.005330208,-0.000970375,-0.000781044,-0.004920204
0,0.005333344,-0.001027479,-0.000779447,-0.004904126
0,0.005309679,-0.000978736,-0.000786152,-0.004878547
0,0.00531557,-0.000951797,-0.000770034,-0.004851457
0,0.006332481,-0.001071715,-0.000863537,-0.004884021
0,0.005607315,-0.001214415,-0.000904389,-0.005177034
0,0.00543482,-0.001207113,-0.000919296,-0.004980401
0,0.005472087,-0.001182369,-0.000913053,-0.005039538
0,0.005445685,-0.001221999,-0.000914956,-0.005008103
0,0.005444281,-0.001219977,-0.000906281,-0.005005221
0,0.005526803,-0.001223185,-0.000936309,-0.005093495
0,0.005447342,-0.001229686,-0.000899167,-0.005005415
0,0.006054423,-0.001201286,-0.000961824,-0.005084374
0,0.005822356,-0.001268457,-0.001046785,-0.005395877
0,0.005794894,-0.001288271,-0.001048581,-0.005338593
0,0.005735834,-0.001252442,-0.001059106,-0.005300757
0,0.00591909,-0.001235755,-0.000952781,-0.005231971
0,0.005762561,-0.00117412,-0.000971926,-0.005357246
0,0.005767029,-0.001213139,-0.000966263,-0.005344907
0,0.005649744,-0.001201513,-0.000976324,-0.00505469
0,0.005679178,-0.001150322,-0.000970602,-0.005209232
0,0.005745874,-0.001160583,-0.000981825,-0.005289852
0,0.005791919,-0.001214983,-0.00096871,-0.005370526
0,0.005737449,-0.001208513,-0.000950057,-0.005317253
0,0.005751193,-0.001180749,-0.000992549,-0.005331051
0,0.005803732,-0.001223779,-0.000991253,-0.005382847
0,0.006121383,-0.001180893,-0.000949414,-0.005248808
0,0.005782171,-0.001199962,-0.000974612,-0.005361521
0,0.005714838,-0.001175199,-0.000990458,-0.005243809
0,0.005697538,-0.001189217,-0.000967348,-0.005275369
1,0.019034463,0.000563842,0.007500921,0.007660663
1,0.036959473,-0.001367997,0.009692475,0.003367642
1,0.003200819,2.97E-05,6.43E-06,0.000925465
1,0.035527845,-0.00062163,0.004591076,0.003454378
1,0.212344958,-0.013215397,0.025545628,-0.005584435
1,0.348966511,0.012294005,0.052425339,-0.009083769
1,0.725736387,0.051081562,-0.08202061,0.019142911
1,0.227768505,-0.006380013,0.022038971,-0.005920803
1,0.310446304,-0.007853713,0.009858147,-0.005071931
1,0.302447684,-0.004884612,0.020667489,0.003949655
1,0.314357099,0.014376698,0.021294504,0.005548819
1,0.117143506,0.000131454,0.01453914,-0.003215163
1,0.042144649,-0.000804638,0.001645853,-0.001054794
1,0.066990296,-0.001167314,0.011289181,-0.002749687
1,0.098455717,-0.00037337,0.00406852,-0.001182943
1,0.014680603,-0.000510257,0.000675851,0.000571652
1,0.011635041,-8.33E-05,-7.04E-05,-0.000559303
1,0.032289,0.000819929,0.003517982,0.000303266
1,0.03377173,0.001758591,0.002741848,0.003383717
1,0.026869497,0.000230838,0.002730943,0.000109868
1,0.006079492,1.23E-05,9.72E-05,-0.001109962
1,0.005865518,-8.17E-05,9.65E-05,-0.000907119
1,0.006550037,4.46E-05,2.03E-06,-0.001421041
1,0.219377466,0.005316604,0.030967377,-0.021766729
1,0.47411537,0.012837142,0.011853186,0.01566808
1,0.239749911,0.005305929,0.015699144,0.008419812
1,0.211218335,-0.003068741,0.000483441,-0.008010315
1,0.252296964,0.00155722,0.00830698,-0.014962487
1,0.146908581,-0.002346729,0.015325768,-0.00400767
1,0.053246334,0.001136056,0.004102193,0.000390746
1,0.066378318,0.00039123,0.002021925,-0.002758154
1,0.089452048,0.000679256,0.006461711,-0.003098808
1,0.082068567,0.002230957,0.013358654,0.001022324
1,0.107268,0.007253645,0.007408523,0.00433756
1,0.079170185,0.003528882,0.008674362,0.000272583
1,0.109747981,-0.005683069,0.014889228,-0.003576848
1,0.077598206,-0.001327106,0.012364389,0.00029373
1,0.079569944,0.001626604,0.012036991,0.005120857
1,0.06975473,-0.003315402,0.01456232,-0.003427356
1,0.336797535,-0.0101216,0.019135053,0.015583957
1,0.341070705,-0.007571611,0.019493775,-0.004128348
1,0.150994072,-0.012952747,0.011836286,0.001104094
1,0.553230553,0.037583605,0.040518505,-0.015277068
1,0.24397334,0.025600919,0.026052633,-0.028109152
1,0.014546934,-0.006042875,0.004967196,-0.003867133
1,0.132236488,-0.019800961,0.01493644,0.017697179
1,0.056509244,-4.57E-05,0.00952499,0.007340639
1,0.121845988,-0.003040887,0.021900167,0.001678071
1,0.072577324,-8.26E-05,0.016763621,0.005327535
1,0.109637527,0.004099687,0.009437409,-0.002970679
1,0.074181271,-0.00474061,0.00922089,0.00150821
1,0.065103685,-0.000647324,0.01359536,0.006791158
1,0.109643491,0.001403843,0.013638283,-0.001924791
1,0.096614919,0.005381041,0.010748976,-0.000155581
1,0.160285506,0.002394201,0.020884467,0.016722985
1,0.048205324,0.000572658,0.009697308,-0.001742254
1,0.040998149,0.002919641,0.012205328,-0.001443168
1,0.12284926,-0.004171906,0.017307191,-0.00936459
1,0.127418564,-0.006713041,0.005428067,-0.003479791
1,0.033811406,-0.002500167,0.000358876,-0.00072995
1,0.124265013,-0.004930834,0.008296511,0.003737665
1,0.051015877,-0.002322858,0.001005767,0.002744881
1,0.121641459,-0.006452904,0.009087087,-0.006604304
1,0.065704718,-0.002535214,0.006468903,0.000709572
1,0.118178556,-0.005052309,0.002892742,0.003789628
1,0.046734371,-0.002704147,0.001770391,0.000797227
1,0.062856041,-0.003207771,0.002765177,0.001034719
1,0.18518643,-0.016482428,0.024828876,-0.016080652
1,0.120196314,-0.007488093,0.011301859,0.001385419
1,0.050279817,-0.000107606,0.01232967,0.007954889
1,0.036196378,-0.000725962,0.006820004,0.005074728
1,0.128185722,0.005637487,0.015261238,0.008387916
1,0.136659054,0.005533333,0.017862612,0.007272894
1,0.243329763,0.000479833,0.017370366,0.021631348
1,0.284179933,0.005708481,0.026840297,0.018718132
1,0.506819234,-0.00942072,0.049632545,0.009303851
1,0.085692306,-0.000188986,0.011359687,0.002624786
1,0.062485702,-0.000548579,0.00720631,0.006333494
1,0.043698239,0.000891126,0.010442776,0.007640956
1,0.081538114,0.003816471,0.013245062,0.003079143
1,0.020930499,-0.003386136,0.016470871,-0.000245245
1,0.093393694,-0.000329675,0.023441324,0.003698026
1,0.025245704,0.000649524,0.009754706,0.012622066
1,0.448841015,0.032023336,-0.039838737,-0.027147392
1,0.175627624,0.002985109,-0.022767419,0.001242502
1,0.117471089,0.000810501,-0.004852296,-0.000913987
1,0.031909352,-0.002027072,0.001359466,0.00121674
1,0.083219677,-0.002196784,-0.005296575,-0.00981184
1,0.016444204,-0.004039465,-0.000736605,-0.000966736
1,0.012929672,-0.003892483,-0.00050048,-0.001282815
1,0.010910857,-0.003777678,0.000151597,-0.000887283
1,0.016262279,-0.004010436,-6.08E-05,-0.001495095
1,0.221888623,-0.012974566,0.019425162,-0.014392066
1,0.264940864,-0.003798413,0.033535902,-0.02942335
1,0.626098602,0.035193775,0.009706706,0.027294527
1,0.404768135,0.006737591,0.099154652,-0.039919465
1,0.189311753,-0.003590288,0.030330514,-0.016329365
1,0.399972181,0.002254399,0.039350345,-0.021746792
1,0.571793403,-0.011064054,-0.019899624,-0.03405093
1,0.46091805,0.000463051,0.01823791,-0.089321066
1,0.04887778,0.00033334,0.002230626,-0.003594593
1,0.03264566,-0.001598225,0.002960931,-0.001352996
1,0.010037945,-0.000468394,0.002039001,-0.001342407
1,0.037336008,-0.000418576,0.004724859,-0.000377458
1,0.017992975,-0.001336375,-0.001071455,0.001828378
1,0.028955111,-0.000228727,0.00137457,0.002921147
1,0.004119334,-4.97E-05,-3.62E-05,-0.001773658
1,0.022294577,0.000522747,0.000663977,-0.001847585
1,0.040652395,-0.000134127,0.001432018,-0.005757435
1,0.004743215,-0.00099595,-0.000355825,-0.002179875
1,0.006796118,-0.000916607,-0.000435095,-0.00234389
1,0.005614174,-0.001909856,-0.00086753,-0.002272228
1,0.042052362,0.000962795,-0.000103113,-0.003749175
1,0.205703077,-0.018359273,0.006990267,0.018112385
1,0.297937557,-0.008116193,-0.002278479,0.048121814
1,0.314181891,-0.012619248,0.000483152,0.032185595
1,0.576958867,-0.001314035,-0.061090288,0.089268505
1,0.363180838,-0.005786848,-0.003254134,0.034208601
1,0.320782857,0.000436069,-0.00403726,0.04630944
1,0.179102534,-0.002486894,-0.002430539,0.001815008
1,0.308730816,-0.009125506,-0.010015446,0.036317909
1,0.186475908,0.005283232,0.000949362,0.00535853
1,0.100169766,0.000885768,0.001903197,0.007099143
1,0.013563313,-0.005166103,-0.002172703,-0.00027782
1,0.049204797,-0.00027014,-8.95E-05,0.001771727
1,0.049644278,-0.00220568,-0.003915661,0.001505888
1,0.065229521,-0.000451202,0.001201129,-0.001198161
1,0.047091363,0.000704407,0.00516721,-1.33E-05
1,0.083522644,-0.003125951,0.006792917,-0.003384705
1,0.137705257,0.00064315,0.005635422,-0.008570113
1,0.040842703,0.001204222,0.003465852,-0.000832539
1,0.062705909,0.002336424,0.006030117,0.001695593
1,0.095878603,-0.000870524,-6.42E-05,-0.006823773
1,0.09295786,-0.003561166,-0.007019156,-0.001126405
1,0.074886448,-0.004960159,-0.003881645,0.000234203
1,0.042504337,-0.001135696,0.001861648,0.002013927
1,0.020034916,-0.000200543,0.000536766,0.000285377
1,0.026842113,0.000423215,-2.37E-05,-0.001439311
1,0.293115451,0.00543809,-0.006645779,0.002771417
1,0.103015097,-0.000255588,-0.004780155,-0.001287759
1,0.087750465,-0.000497599,0.003176717,-0.005440092
1,0.07453671,0.001706366,0.005446897,0.003848276
0,0.12619406,0.010828947,-0.018965385,0.011928745
